TimePST:date::HH:mm a,TemperatureC:real,DewPointC:real,Humidity:real,SeaLevelPressurehPa:real,VisibilityKm:real,WindDirection:string,WindSpeedKmH:string,GustSpeedKmH:string,Precipitationmm:string,Events:string,Conditions:string,WindDirDegrees:real,DateUTC:date::yyyy-MM-dd HH:mm:ss
# http://www.wunderground.com/history/airport/KSFO/2014/2/1/DailyHistory.html?req_city=San%20Francisco%20International&req_state=CA&req_statename=California&reqdb.zip=94128&reqdb.magic=6&reqdb.wmo=99999
12:56 AM,8.9,4.4,74,1022.2,16.1,Calm,Calm,-,N/A,,Partly Cloudy,0,2014-01-01 08:56:00
1:56 AM,6.7,2.2,73,1022.5,14.5,West,5.6,-,N/A,,Partly Cloudy,260,2014-01-01 09:56:00
2:56 AM,6.1,2.2,76,1022.5,16.1,Calm,Calm,-,N/A,,Partly Cloudy,0,2014-01-01 10:56:00
3:56 AM,5.6,2.2,79,1022.2,14.5,Calm,Calm,-,N/A,,Partly Cloudy,0,2014-01-01 11:56:00
4:56 AM,6.1,2.8,80,1021.7,14.5,Calm,Calm,-,N/A,,Clear,0,2014-01-01 12:56:00
5:56 AM,5.6,2.2,79,1021.9,12.9,Calm,Calm,-,N/A,,Partly Cloudy,0,2014-01-01 13:56:00
6:56 AM,5.0,2.2,82,1022.1,16.1,Calm,Calm,-,N/A,,Partly Cloudy,0,2014-01-01 14:56:00
7:56 AM,6.7,4.4,85,1022.5,12.9,Calm,Calm,-,N/A,,Scattered Clouds,0,2014-01-01 15:56:00
8:56 AM,8.3,5.0,80,1023.1,12.9,Calm,Calm,-,N/A,,Partly Cloudy,0,2014-01-01 16:56:00
9:56 AM,10.0,5.6,74,1023.4,12.9,Calm,Calm,-,N/A,,Partly Cloudy,0,2014-01-01 17:56:00
10:56 AM,10.6,6.1,74,1022.7,12.9,Calm,Calm,-,N/A,,Scattered Clouds,0,2014-01-01 18:56:00
11:56 AM,11.1,5.6,69,1021.9,12.9,NNE,5.6,-,N/A,,Mostly Cloudy,20,2014-01-01 19:56:00
12:56 PM,11.7,6.7,71,1021.3,12.9,Calm,Calm,-,N/A,,Mostly Cloudy,0,2014-01-01 20:56:00
1:56 PM,11.7,6.7,71,1020.4,12.9,Calm,Calm,-,N/A,,Mostly Cloudy,0,2014-01-01 21:56:00
2:56 PM,12.8,5.6,62,1020.5,14.5,Calm,Calm,-,N/A,,Mostly Cloudy,0,2014-01-01 22:56:00
3:56 PM,12.8,5.0,59,1020.3,16.1,Calm,Calm,-,N/A,,Mostly Cloudy,0,2014-01-01 23:56:00
4:56 PM,12.8,3.9,55,1020.3,16.1,Calm,Calm,-,N/A,,Mostly Cloudy,0,2014-01-02 00:56:00
5:56 PM,12.2,6.1,66,1020.4,16.1,West,13.0,-,N/A,,Mostly Cloudy,280,2014-01-02 01:56:00
6:56 PM,11.1,6.7,74,1020.8,16.1,West,5.6,-,N/A,,Scattered Clouds,270,2014-01-02 02:56:00
7:56 PM,11.1,6.1,71,1021.1,16.1,Calm,Calm,-,N/A,,Scattered Clouds,0,2014-01-02 03:56:00
8:56 PM,10.6,4.4,66,1021.1,16.1,Calm,Calm,-,N/A,,Partly Cloudy,0,2014-01-02 04:56:00
9:56 PM,11.1,5.0,66,1021.0,16.1,Calm,Calm,-,N/A,,Clear,0,2014-01-02 05:56:00
10:56 PM,10.0,7.2,83,1021.3,16.1,Calm,Calm,-,N/A,,Clear,0,2014-01-02 06:56:00
11:56 PM,8.9,5.6,80,1021.2,16.1,Calm,Calm,-,N/A,,Clear,0,2014-01-02 07:56:00
12:56 AM,8.3,3.9,74,1021.0,16.1,Calm,Calm,-,N/A,,Clear,0,2014-01-02 08:56:00
1:56 AM,7.2,2.8,74,1021.3,16.1,Calm,Calm,-,N/A,,Clear,0,2014-01-02 09:56:00
2:56 AM,6.7,2.8,76,1021.2,16.1,SSW,5.6,-,N/A,,Clear,200,2014-01-02 10:56:00
3:56 AM,6.7,2.8,76,1021.0,16.1,South,5.6,-,N/A,,Clear,170,2014-01-02 11:56:00
4:56 AM,6.7,2.8,76,1020.8,16.1,SSW,7.4,-,N/A,,Clear,200,2014-01-02 12:56:00
5:56 AM,6.7,2.8,76,1020.9,16.1,Calm,Calm,-,N/A,,Clear,0,2014-01-02 13:56:00
6:56 AM,7.2,3.3,76,1020.9,16.1,Calm,Calm,-,N/A,,Clear,0,2014-01-02 14:56:00
7:56 AM,7.2,3.3,76,1021.0,16.1,Calm,Calm,-,N/A,,Partly Cloudy,0,2014-01-02 15:56:00
8:56 AM,10.0,5.0,71,1021.6,16.1,Calm,Calm,-,N/A,,Scattered Clouds,0,2014-01-02 16:56:00
9:56 AM,11.7,6.1,69,1021.9,16.1,Calm,Calm,-,N/A,,Scattered Clouds,0,2014-01-02 17:56:00
10:56 AM,12.8,7.2,69,1021.7,16.1,North,5.6,-,N/A,,Scattered Clouds,360,2014-01-02 18:56:00
11:56 AM,13.9,3.9,51,1020.6,16.1,Calm,Calm,-,N/A,,Scattered Clouds,0,2014-01-02 19:56:00
12:56 PM,14.4,3.3,47,1019.7,16.1,Calm,Calm,-,N/A,,Mostly Cloudy,0,2014-01-02 20:56:00
1:56 PM,15.6,2.2,41,1018.7,16.1,ENE,5.6,-,N/A,,Mostly Cloudy,60,2014-01-02 21:56:00
2:56 PM,15.0,3.9,48,1018.3,16.1,Calm,Calm,-,N/A,,Mostly Cloudy,0,2014-01-02 22:56:00
3:56 PM,15.0,3.9,48,1018.3,16.1,Calm,Calm,-,N/A,,Mostly Cloudy,0,2014-01-02 23:56:00
4:56 PM,15.6,1.1,38,1018.1,16.1,Calm,Calm,-,N/A,,Mostly Cloudy,0,2014-01-03 00:56:00
5:56 PM,13.9,2.8,47,1018.0,16.1,Calm,Calm,-,N/A,,Scattered Clouds,0,2014-01-03 01:56:00
6:56 PM,13.3,2.8,49,1017.8,16.1,SSE,5.6,-,N/A,,Mostly Cloudy,160,2014-01-03 02:56:00
7:56 PM,12.8,3.9,55,1017.7,16.1,East,5.6,-,N/A,,Mostly Cloudy,100,2014-01-03 03:56:00
8:56 PM,12.2,5.6,64,1018.0,16.1,Calm,Calm,-,N/A,,Scattered Clouds,0,2014-01-03 04:56:00
9:56 PM,11.1,7.2,77,1018.0,16.1,Calm,Calm,-,N/A,,Scattered Clouds,0,2014-01-03 05:56:00
10:56 PM,11.7,3.3,57,1018.0,16.1,Calm,Calm,-,N/A,,Partly Cloudy,0,2014-01-03 06:56:00
11:56 PM,11.1,6.7,74,1018.0,16.1,Calm,Calm,-,N/A,,Partly Cloudy,0,2014-01-03 07:56:00
12:56 AM,11.1,6.1,71,1018.0,16.1,Calm,Calm,-,N/A,,Clear,0,2014-01-03 08:56:00
1:56 AM,9.4,4.4,71,1018.0,16.1,South,5.6,-,N/A,,Scattered Clouds,180,2014-01-03 09:56:00
2:56 AM,8.9,4.4,74,1017.9,16.1,SSE,7.4,-,N/A,,Scattered Clouds,150,2014-01-03 10:56:00
3:56 AM,7.8,2.2,68,1017.5,16.1,South,5.6,-,N/A,,Scattered Clouds,180,2014-01-03 11:56:00
4:56 AM,8.3,2.8,68,1017.4,16.1,Calm,Calm,-,N/A,,Partly Cloudy,0,2014-01-03 12:56:00
5:56 AM,7.8,2.2,68,1017.7,16.1,Calm,Calm,-,N/A,,Partly Cloudy,0,2014-01-03 13:56:00
6:56 AM,8.9,3.9,71,1018.0,16.1,Calm,Calm,-,N/A,,Mostly Cloudy,0,2014-01-03 14:56:00
7:56 AM,7.8,3.3,73,1018.2,16.1,Calm,Calm,-,N/A,,Mostly Cloudy,0,2014-01-03 15:56:00
8:56 AM,9.4,5.0,74,1018.4,14.5,Calm,Calm,-,N/A,,Scattered Clouds,0,2014-01-03 16:56:00
9:56 AM,11.7,6.7,71,1018.3,16.1,Calm,Calm,-,N/A,,Scattered Clouds,0,2014-01-03 17:56:00
10:56 AM,12.2,6.7,69,1017.4,16.1,NE,7.4,-,N/A,,Scattered Clouds,40,2014-01-03 18:56:00
11:56 AM,12.2,6.7,69,1016.6,16.1,NNE,5.6,-,N/A,,Scattered Clouds,20,2014-01-03 19:56:00
12:56 PM,12.8,7.2,69,1015.7,16.1,NNE,7.4,-,N/A,,Scattered Clouds,20,2014-01-03 20:56:00
1:56 PM,13.3,4.4,55,1015.1,16.1,Calm,Calm,-,N/A,,Mostly Cloudy,0,2014-01-03 21:56:00
2:56 PM,13.9,5.0,55,1015.1,16.1,NNE,7.4,-,N/A,,Mostly Cloudy,20,2014-01-03 22:56:00
3:56 PM,17.2,4.4,43,1014.6,16.1,West,11.1,-,N/A,,Scattered Clouds,270,2014-01-03 23:56:00
4:56 PM,16.1,2.8,41,1014.6,16.1,WNW,11.1,-,N/A,,Scattered Clouds,290,2014-01-04 00:56:00
5:56 PM,15.0,1.1,39,1014.5,16.1,West,11.1,-,N/A,,Scattered Clouds,270,2014-01-04 01:56:00
6:56 PM,13.3,5.6,60,1014.5,16.1,WNW,18.5,-,N/A,,Scattered Clouds,290,2014-01-04 02:56:00
7:56 PM,12.2,6.1,66,1015.0,16.1,West,14.8,-,N/A,,Partly Cloudy,280,2014-01-04 03:56:00
8:56 PM,12.2,5.6,64,1015.3,16.1,West,5.6,-,N/A,,Partly Cloudy,280,2014-01-04 04:56:00
9:56 PM,11.1,6.1,71,1015.6,16.1,NW,7.4,-,N/A,,Partly Cloudy,320,2014-01-04 05:56:00
10:56 PM,10.0,7.2,83,1015.5,14.5,WNW,9.3,-,N/A,,Partly Cloudy,290,2014-01-04 06:56:00
11:56 PM,10.6,7.8,83,1015.4,16.1,WNW,18.5,-,N/A,,Clear,290,2014-01-04 07:56:00
12:56 AM,10.6,7.8,83,1015.6,16.1,WNW,16.7,-,N/A,,Partly Cloudy,290,2014-01-04 08:56:00
1:16 AM,10.0,8.0,87,1015.8,16.1,WNW,14.8,-,N/A,,Partly Cloudy,290,2014-01-04 09:16:00
1:56 AM,8.3,6.1,86,1015.5,16.1,SSW,5.6,-,N/A,,Clear,210,2014-01-04 09:56:00
2:52 AM,9.0,7.0,87,1015.5,12.9,WNW,5.6,-,N/A,,Partly Cloudy,300,2014-01-04 10:52:00
2:56 AM,8.9,6.7,86,1015.6,12.9,WNW,5.6,-,N/A,,Partly Cloudy,290,2014-01-04 10:56:00
3:35 AM,8.0,6.0,87,1015.8,2.4,West,7.4,-,N/A,,Partly Cloudy,270,2014-01-04 11:35:00
3:42 AM,8.0,6.0,87,1015.8,0.8,West,9.3,-,N/A,Fog,Fog,270,2014-01-04 11:42:00
3:56 AM,7.8,6.1,89,1015.7,0.8,West,9.3,-,N/A,Fog,Fog,260,2014-01-04 11:56:00
4:10 AM,7.0,6.0,93,1015.5,3.2,SW,5.6,-,N/A,,Scattered Clouds,220,2014-01-04 12:10:00
4:17 AM,7.0,6.0,93,1015.5,8.0,WSW,5.6,-,N/A,,Scattered Clouds,240,2014-01-04 12:17:00
4:56 AM,7.2,5.0,86,1015.5,16.1,Calm,Calm,-,N/A,,Partly Cloudy,0,2014-01-04 12:56:00
5:47 AM,8.0,6.0,87,1015.8,-9999.0,NNW,7.4,-,N/A,,Scattered Clouds,340,2014-01-04 13:47:00
5:56 AM,7.8,6.1,89,1015.6,16.1,Calm,Calm,-,N/A,,Scattered Clouds,0,2014-01-04 13:56:00
6:18 AM,9.0,7.0,87,1016.1,1.2,ENE,5.6,-,N/A,,Mostly Cloudy,60,2014-01-04 14:18:00
6:36 AM,9.0,8.0,93,1016.1,0.4,Calm,Calm,-,N/A,Fog,Fog,0,2014-01-04 14:36:00
6:52 AM,9.0,7.0,87,1016.1,0.1,Calm,Calm,-,N/A,Fog,Fog,0,2014-01-04 14:52:00
6:56 AM,8.3,7.2,93,1016.2,0.1,Calm,Calm,-,N/A,Fog,Fog,0,2014-01-04 14:56:00
7:40 AM,8.0,7.0,93,1016.5,0.2,SSW,5.6,-,N/A,Fog,Fog,200,2014-01-04 15:40:00
7:56 AM,7.8,6.7,93,1016.6,0.2,South,5.6,-,N/A,Fog,Fog,190,2014-01-04 15:56:00
8:56 AM,7.2,6.1,93,1017.2,0.4,Calm,Calm,-,N/A,Fog,Fog,0,2014-01-04 16:56:00
9:07 AM,7.0,6.0,93,1017.2,1.2,Calm,Calm,-,N/A,,Scattered Clouds,0,2014-01-04 17:07:00
9:25 AM,8.0,7.0,93,1017.5,1.2,Calm,Calm,-,N/A,,Scattered Clouds,0,2014-01-04 17:25:00
9:56 AM,8.3,6.7,90,1018.2,1.2,NE,5.6,-,N/A,,Scattered Clouds,50,2014-01-04 17:56:00
9:58 AM,8.0,7.0,93,1018.2,1.2,ENE,5.6,-,N/A,,Scattered Clouds,60,2014-01-04 17:58:00
10:10 AM,8.0,7.0,93,1018.2,1.2,Calm,Calm,-,N/A,,Scattered Clouds,0,2014-01-04 18:10:00
10:23 AM,8.0,7.0,93,1018.2,1.6,Calm,Calm,-,N/A,,Partly Cloudy,0,2014-01-04 18:23:00
10:44 AM,9.0,7.0,87,1017.8,4.8,Calm,Calm,-,N/A,,Partly Cloudy,0,2014-01-04 18:44:00
10:56 AM,9.4,7.2,86,1017.8,12.9,Calm,Calm,-,N/A,,Partly Cloudy,0,2014-01-04 18:56:00
11:56 AM,15.0,5.6,53,1016.9,16.1,Calm,Calm,-,N/A,,Partly Cloudy,0,2014-01-04 19:56:00
12:56 PM,15.0,5.6,53,1016.1,16.1,Calm,Calm,-,N/A,,Partly Cloudy,0,2014-01-04 20:56:00
1:56 PM,16.1,4.4,46,1015.8,16.1,Calm,Calm,-,N/A,,Partly Cloudy,0,2014-01-04 21:56:00
2:56 PM,17.8,3.9,40,1015.8,16.1,Calm,Calm,-,N/A,,Clear,0,2014-01-04 22:56:00
3:56 PM,16.7,5.0,46,1015.8,16.1,Calm,Calm,-,N/A,,Clear,0,2014-01-04 23:56:00
4:56 PM,15.0,3.3,46,1016.0,16.1,ESE,5.6,-,N/A,,Clear,110,2014-01-05 00:56:00
5:56 PM,16.1,1.1,36,1016.1,16.1,SSE,5.6,-,N/A,,Clear,160,2014-01-05 01:56:00
6:56 PM,14.4,1.7,42,1016.5,16.1,Calm,Calm,-,N/A,,Partly Cloudy,0,2014-01-05 02:56:00
7:56 PM,12.8,2.8,51,1016.9,16.1,West,5.6,-,N/A,,Partly Cloudy,280,2014-01-05 03:56:00
8:56 PM,11.7,3.9,59,1017.4,16.1,NNW,7.4,-,N/A,,Partly Cloudy,330,2014-01-05 04:56:00
9:56 PM,10.0,3.3,63,1017.9,16.1,NW,5.6,-,N/A,,Partly Cloudy,320,2014-01-05 05:56:00
10:56 PM,8.9,0.6,56,1018.5,16.1,Calm,Calm,-,N/A,,Clear,0,2014-01-05 06:56:00
11:56 PM,9.4,1.7,59,1018.7,14.5,SSE,5.6,-,N/A,,Clear,160,2014-01-05 07:56:00
12:56 AM,8.3,2.2,66,1018.7,16.1,South,7.4,-,N/A,,Clear,190,2014-01-05 08:56:00
1:56 AM,7.2,0.6,63,1019.2,16.1,SSW,7.4,-,N/A,,Clear,210,2014-01-05 09:56:00
2:56 AM,8.3,0.0,56,1019.5,16.1,SSE,13.0,-,N/A,,Clear,160,2014-01-05 10:56:00
3:56 AM,10.6,-1.7,43,1019.6,16.1,SE,9.3,-,N/A,,Clear,130,2014-01-05 11:56:00
4:56 AM,12.8,1.1,45,1019.6,16.1,ENE,16.7,-,N/A,,Clear,70,2014-01-05 12:56:00
5:56 AM,12.2,2.2,51,1020.1,16.1,ENE,18.5,-,N/A,,Clear,70,2014-01-05 13:56:00
6:56 AM,11.7,-0.6,43,1020.7,16.1,East,11.1,-,N/A,,Clear,100,2014-01-05 14:56:00
7:56 AM,12.8,-0.6,40,1021.4,16.1,East,20.4,-,N/A,,Clear,80,2014-01-05 15:56:00
8:56 AM,12.2,-1.1,40,1022.4,16.1,ESE,16.7,-,N/A,,Clear,120,2014-01-05 16:56:00
9:56 AM,13.9,-2.8,32,1022.9,16.1,SE,14.8,-,N/A,,Clear,140,2014-01-05 17:56:00
10:56 AM,16.1,-2.8,27,1022.7,16.1,ESE,13.0,-,N/A,,Partly Cloudy,120,2014-01-05 18:56:00
11:56 AM,16.1,-0.6,32,1021.8,16.1,ESE,9.3,-,N/A,,Clear,110,2014-01-05 19:56:00
12:56 PM,17.8,-2.8,25,1021.0,16.1,SE,9.3,-,N/A,,Partly Cloudy,130,2014-01-05 20:56:00
1:56 PM,18.3,-1.7,26,1020.4,16.1,East,5.6,-,N/A,,Partly Cloudy,100,2014-01-05 21:56:00
2:56 PM,18.3,-1.1,27,1020.3,16.1,Calm,Calm,-,N/A,,Partly Cloudy,0,2014-01-05 22:56:00
3:56 PM,17.2,-1.1,29,1020.4,16.1,Calm,Calm,-,N/A,,Partly Cloudy,0,2014-01-05 23:56:00
4:56 PM,15.0,0.0,36,1020.6,16.1,Calm,Calm,-,N/A,,Partly Cloudy,0,2014-01-06 00:56:00
5:56 PM,15.6,-0.6,33,1021.0,16.1,Calm,Calm,-,N/A,,Partly Cloudy,0,2014-01-06 01:56:00
6:56 PM,13.9,1.7,44,1021.5,16.1,Calm,Calm,-,N/A,,Clear,0,2014-01-06 02:56:00
7:56 PM,13.3,1.1,44,1021.8,16.1,Calm,Calm,-,N/A,,Clear,0,2014-01-06 03:56:00
8:56 PM,11.7,3.3,57,1022.1,16.1,NW,5.6,-,N/A,,Clear,320,2014-01-06 04:56:00
9:56 PM,10.6,0.6,50,1022.6,16.1,SW,7.4,-,N/A,,Partly Cloudy,220,2014-01-06 05:56:00
10:56 PM,11.1,0.6,49,1022.6,16.1,Calm,Calm,-,N/A,,Partly Cloudy,0,2014-01-06 06:56:00
11:56 PM,10.6,2.8,59,1022.6,16.1,Calm,Calm,-,N/A,,Partly Cloudy,0,2014-01-06 07:56:00
12:56 AM,10.6,3.3,61,1022.8,16.1,Calm,Calm,-,N/A,,Partly Cloudy,0,2014-01-06 08:56:00
1:56 AM,8.3,1.1,61,1023.2,16.1,Calm,Calm,-,N/A,,Partly Cloudy,0,2014-01-06 09:56:00
2:56 AM,7.2,0.0,60,1023.3,16.1,Calm,Calm,-,N/A,,Partly Cloudy,0,2014-01-06 10:56:00
3:56 AM,7.8,1.1,63,1023.2,16.1,South,5.6,-,N/A,,Partly Cloudy,180,2014-01-06 11:56:00
4:56 AM,7.8,2.8,71,1023.0,16.1,Calm,Calm,-,N/A,,Partly Cloudy,0,2014-01-06 12:56:00
5:56 AM,8.9,3.3,68,1023.3,16.1,Calm,Calm,-,N/A,,Partly Cloudy,0,2014-01-06 13:56:00
6:56 AM,7.8,2.8,71,1023.9,16.1,Calm,Calm,-,N/A,,Mostly Cloudy,0,2014-01-06 14:56:00
7:56 AM,8.9,3.3,68,1024.5,16.1,Calm,Calm,-,N/A,,Mostly Cloudy,0,2014-01-06 15:56:00
8:56 AM,11.1,5.6,69,1025.1,16.1,ESE,5.6,-,N/A,,Mostly Cloudy,110,2014-01-06 16:56:00
9:56 AM,11.7,5.6,66,1025.4,16.1,Calm,Calm,-,N/A,,Mostly Cloudy,0,2014-01-06 17:56:00
10:56 AM,11.7,5.6,66,1025.4,16.1,Calm,Calm,-,N/A,,Mostly Cloudy,0,2014-01-06 18:56:00
11:56 AM,12.2,6.7,69,1024.1,16.1,ENE,5.6,-,N/A,,Mostly Cloudy,70,2014-01-06 19:56:00
12:56 PM,12.8,7.2,69,1022.7,16.1,ENE,7.4,-,N/A,,Mostly Cloudy,60,2014-01-06 20:56:00
1:56 PM,12.8,7.2,69,1022.0,16.1,NNE,7.4,-,N/A,,Mostly Cloudy,30,2014-01-06 21:56:00
2:56 PM,13.3,7.2,67,1021.8,14.5,NE,5.6,-,N/A,,Mostly Cloudy,40,2014-01-06 22:56:00
3:56 PM,12.8,7.2,69,1021.7,12.9,NE,5.6,-,N/A,,Mostly Cloudy,50,2014-01-06 23:56:00
4:56 PM,12.8,6.1,64,1021.6,12.9,Calm,Calm,-,N/A,,Mostly Cloudy,0,2014-01-07 00:56:00
5:56 PM,13.3,5.0,57,1022.0,14.5,NNW,5.6,-,N/A,,Mostly Cloudy,330,2014-01-07 01:56:00
6:56 PM,12.8,6.7,67,1022.2,14.5,Calm,Calm,-,N/A,,Overcast,0,2014-01-07 02:56:00
7:56 PM,12.8,6.1,64,1022.8,16.1,Calm,Calm,-,N/A,,Overcast,0,2014-01-07 03:56:00
8:56 PM,12.2,6.1,66,1022.7,16.1,ESE,9.3,-,N/A,,Overcast,120,2014-01-07 04:56:00
9:56 PM,12.8,4.4,57,1022.1,16.1,SE,11.1,-,N/A,,Mostly Cloudy,130,2014-01-07 05:56:00
10:56 PM,13.3,2.8,49,1021.8,16.1,South,7.4,-,N/A,,Mostly Cloudy,180,2014-01-07 06:56:00
11:56 PM,12.2,5.0,62,1022.2,14.5,NNW,14.8,-,N/A,,Mostly Cloudy,340,2014-01-07 07:56:00
12:56 AM,12.8,6.7,67,1022.2,16.1,NW,9.3,-,N/A,,Mostly Cloudy,320,2014-01-07 08:56:00
1:56 AM,10.6,6.1,74,1021.9,16.1,South,7.4,-,N/A,,Mostly Cloudy,180,2014-01-07 09:56:00
2:56 AM,10.0,5.6,74,1022.1,16.1,Calm,Calm,-,N/A,,Mostly Cloudy,0,2014-01-07 10:56:00
3:56 AM,9.4,5.6,77,1021.9,16.1,WSW,5.6,-,N/A,,Mostly Cloudy,240,2014-01-07 11:56:00
4:56 AM,9.4,5.0,74,1021.4,16.1,NW,5.6,-,N/A,,Scattered Clouds,310,2014-01-07 12:56:00
5:56 AM,8.3,3.9,74,1021.5,16.1,Calm,Calm,-,N/A,,Mostly Cloudy,0,2014-01-07 13:56:00
6:56 AM,10.6,6.1,74,1021.7,16.1,NNW,5.6,-,N/A,,Mostly Cloudy,340,2014-01-07 14:56:00
7:56 AM,10.0,6.7,80,1021.7,16.1,Calm,Calm,-,N/A,,Mostly Cloudy,0,2014-01-07 15:56:00
8:56 AM,11.1,7.8,80,1022.0,11.3,Calm,Calm,-,N/A,,Mostly Cloudy,0,2014-01-07 16:56:00
9:56 AM,12.2,7.2,72,1022.8,11.3,NNE,5.6,-,N/A,,Mostly Cloudy,30,2014-01-07 17:56:00
10:56 AM,12.8,7.2,69,1023.1,11.3,NNE,7.4,-,N/A,,Mostly Cloudy,30,2014-01-07 18:56:00
11:56 AM,12.2,6.1,66,1022.2,11.3,NNE,5.6,-,N/A,,Mostly Cloudy,20,2014-01-07 19:56:00
12:48 PM,13.0,6.0,63,1021.6,11.3,Calm,Calm,-,N/A,,Mostly Cloudy,0,2014-01-07 20:48:00
12:56 PM,13.3,6.1,62,1021.5,11.3,North,5.6,-,N/A,,Mostly Cloudy,360,2014-01-07 20:56:00
1:56 PM,13.3,6.1,62,1020.6,11.3,East,5.6,-,N/A,,Mostly Cloudy,90,2014-01-07 21:56:00
2:47 PM,13.0,8.0,72,1020.5,12.9,NNE,5.6,-,N/A,,Mostly Cloudy,20,2014-01-07 22:47:00
2:56 PM,12.8,7.2,69,1020.6,12.9,NNE,5.6,-,N/A,,Mostly Cloudy,20,2014-01-07 22:56:00
3:56 PM,13.3,6.7,64,1021.2,16.1,Calm,Calm,-,N/A,,Mostly Cloudy,0,2014-01-07 23:56:00
4:29 PM,16.0,5.0,48,1021.2,16.1,WNW,13.0,-,N/A,,Mostly Cloudy,290,2014-01-08 00:29:00
4:56 PM,15.0,6.1,55,1020.9,16.1,SW,9.3,-,N/A,,Scattered Clouds,230,2014-01-08 00:56:00
5:56 PM,13.9,5.0,55,1020.6,16.1,WNW,9.3,-,N/A,,Scattered Clouds,290,2014-01-08 01:56:00
6:56 PM,12.8,5.6,62,1020.7,16.1,West,14.8,-,N/A,,Partly Cloudy,280,2014-01-08 02:56:00
7:56 PM,12.8,5.6,62,1021.4,16.1,WNW,14.8,-,N/A,,Partly Cloudy,290,2014-01-08 03:56:00
8:18 PM,12.0,7.0,72,1021.6,16.1,West,20.4,-,N/A,,Partly Cloudy,280,2014-01-08 04:18:00
8:35 PM,13.0,9.0,77,1021.9,16.1,West,18.5,-,N/A,,Mostly Cloudy,270,2014-01-08 04:35:00
8:56 PM,13.3,9.4,77,1022.1,16.1,West,14.8,-,N/A,,Mostly Cloudy,280,2014-01-08 04:56:00
9:39 PM,13.0,11.0,88,1022.6,14.5,West,20.4,-,N/A,,Mostly Cloudy,270,2014-01-08 05:39:00
9:56 PM,13.3,10.6,84,1022.7,12.9,WSW,11.1,-,0.00,,Light Drizzle,250,2014-01-08 05:56:00
10:56 PM,13.3,10.6,84,1023.0,12.9,West,13.0,-,0.00,,Light Drizzle,280,2014-01-08 06:56:00
11:56 PM,12.8,10.6,86,1022.8,16.1,West,14.8,-,0.00,,Light Drizzle,280,2014-01-08 07:56:00
12:56 AM,12.8,10.6,86,1022.4,6.4,West,9.3,-,0.00,,Light Drizzle,260,2014-01-08 08:56:00
1:56 AM,12.8,10.6,86,1022.3,12.9,Calm,Calm,-,0.00,,Light Drizzle,0,2014-01-08 09:56:00
2:56 AM,12.2,10.0,86,1022.3,4.8,NW,9.3,-,0.01,,Light Drizzle,320,2014-01-08 10:56:00
3:56 AM,12.2,10.0,86,1022.1,16.1,West,13.0,-,0.00,,Overcast,260,2014-01-08 11:56:00
4:56 AM,12.2,9.4,83,1022.3,16.1,West,14.8,-,0.00,,Light Drizzle,260,2014-01-08 12:56:00
5:56 AM,11.7,9.4,86,1022.9,9.7,West,18.5,-,0.00,,Light Drizzle,280,2014-01-08 13:56:00
6:56 AM,11.7,8.9,83,1022.8,16.1,NW,13.0,-,0.00,,Light Drizzle,310,2014-01-08 14:56:00
7:56 AM,11.7,8.9,83,1022.7,16.1,West,13.0,-,0.00,,Mostly Cloudy,280,2014-01-08 15:56:00
8:29 AM,12.0,9.0,82,1022.9,16.1,Calm,Calm,-,N/A,,Mostly Cloudy,0,2014-01-08 16:29:00
8:56 AM,12.2,8.9,80,1023.2,16.1,WNW,7.4,-,N/A,,Mostly Cloudy,300,2014-01-08 16:56:00
9:56 AM,12.2,9.4,83,1023.9,14.5,WNW,11.1,-,N/A,,Overcast,290,2014-01-08 17:56:00
10:56 AM,12.2,9.4,83,1023.9,16.1,West,16.7,-,N/A,,Overcast,280,2014-01-08 18:56:00
11:56 AM,13.3,9.4,77,1023.1,16.1,West,18.5,-,N/A,,Mostly Cloudy,270,2014-01-08 19:56:00
12:36 PM,15.0,9.0,67,1021.9,16.1,West,20.4,29.6,N/A,,Mostly Cloudy,270,2014-01-08 20:36:00
12:56 PM,13.9,8.9,72,1021.8,16.1,West,16.7,-,N/A,,Mostly Cloudy,280,2014-01-08 20:56:00
1:56 PM,13.3,8.9,75,1021.3,16.1,West,16.7,-,N/A,,Mostly Cloudy,270,2014-01-08 21:56:00
2:56 PM,12.8,8.9,77,1021.7,16.1,West,22.2,-,N/A,,Overcast,270,2014-01-08 22:56:00
3:56 PM,12.2,9.4,83,1022.0,16.1,West,20.4,-,N/A,,Mostly Cloudy,270,2014-01-08 23:56:00
4:44 PM,12.0,9.0,82,1021.9,16.1,West,27.8,-,N/A,,Mostly Cloudy,270,2014-01-09 00:44:00
4:56 PM,12.2,8.9,80,1022.0,16.1,West,22.2,-,N/A,,Mostly Cloudy,280,2014-01-09 00:56:00
5:15 PM,12.0,9.0,82,1021.9,16.1,West,25.9,-,N/A,,Mostly Cloudy,280,2014-01-09 01:15:00
5:56 PM,12.2,8.9,80,1022.3,16.1,West,25.9,-,N/A,,Mostly Cloudy,280,2014-01-09 01:56:00
6:56 PM,12.8,8.9,77,1022.4,16.1,WNW,16.7,-,N/A,,Mostly Cloudy,290,2014-01-09 02:56:00
7:56 PM,12.2,8.9,80,1023.1,16.1,WNW,11.1,-,N/A,,Mostly Cloudy,290,2014-01-09 03:56:00
8:43 PM,12.0,9.0,82,1023.2,16.1,WNW,11.1,-,N/A,,Mostly Cloudy,300,2014-01-09 04:43:00
8:56 PM,12.2,8.9,80,1023.3,16.1,WNW,13.0,-,N/A,,Mostly Cloudy,290,2014-01-09 04:56:00
9:56 PM,11.7,8.3,80,1023.0,16.1,WNW,13.0,-,N/A,,Mostly Cloudy,290,2014-01-09 05:56:00
10:45 PM,11.0,8.0,82,1022.9,16.1,West,11.1,-,N/A,,Mostly Cloudy,280,2014-01-09 06:45:00
10:56 PM,11.7,8.9,83,1023.3,16.1,West,16.7,-,N/A,,Mostly Cloudy,280,2014-01-09 06:56:00
11:56 PM,11.7,8.9,83,1023.0,16.1,West,22.2,-,N/A,,Mostly Cloudy,280,2014-01-09 07:56:00
12:56 AM,11.7,8.9,83,1023.1,16.1,WNW,20.4,-,N/A,,Mostly Cloudy,290,2014-01-09 08:56:00
1:56 AM,11.7,8.9,83,1022.9,16.1,West,18.5,-,N/A,,Mostly Cloudy,270,2014-01-09 09:56:00
2:56 AM,11.7,8.9,83,1023.2,16.1,West,16.7,-,N/A,,Mostly Cloudy,270,2014-01-09 10:56:00
3:56 AM,11.1,8.9,86,1023.1,16.1,WNW,7.4,-,N/A,,Mostly Cloudy,290,2014-01-09 11:56:00
4:13 AM,12.0,9.0,82,1022.9,16.1,WNW,11.1,-,N/A,,Mostly Cloudy,290,2014-01-09 12:13:00
4:56 AM,11.1,9.4,89,1023.1,14.5,NNW,7.4,-,N/A,,Mostly Cloudy,340,2014-01-09 12:56:00
5:20 AM,12.0,9.0,82,1023.2,11.3,West,13.0,-,0.00,,Light Drizzle,270,2014-01-09 13:20:00
5:56 AM,11.7,10.0,89,1023.0,8.0,WNW,5.6,-,0.00,,Light Drizzle,300,2014-01-09 13:56:00
6:56 AM,12.2,10.0,86,1023.0,8.0,West,7.4,-,0.00,,Light Drizzle,280,2014-01-09 14:56:00
7:56 AM,12.2,9.4,83,1022.9,12.9,West,14.8,-,0.00,,Mostly Cloudy,270,2014-01-09 15:56:00
8:56 AM,12.2,9.4,83,1024.0,16.1,WNW,14.8,-,N/A,,Mostly Cloudy,290,2014-01-09 16:56:00
9:30 AM,13.0,9.0,77,1024.3,16.1,WNW,11.1,-,N/A,,Mostly Cloudy,290,2014-01-09 17:30:00
9:56 AM,13.3,10.0,80,1024.5,16.1,WNW,11.1,-,N/A,,Mostly Cloudy,290,2014-01-09 17:56:00
10:32 AM,13.0,9.0,77,1024.6,16.1,NW,11.1,-,N/A,,Overcast,310,2014-01-09 18:32:00
10:56 AM,12.2,8.9,80,1024.9,16.1,NW,18.5,-,N/A,,Mostly Cloudy,310,2014-01-09 18:56:00
11:56 AM,12.8,8.9,77,1024.2,16.1,West,18.5,29.6,N/A,,Mostly Cloudy,280,2014-01-09 19:56:00
12:41 PM,14.0,9.0,72,1023.6,16.1,WNW,18.5,-,N/A,,Mostly Cloudy,290,2014-01-09 20:41:00
12:56 PM,14.4,8.9,70,1023.3,16.1,WNW,22.2,-,N/A,,Scattered Clouds,290,2014-01-09 20:56:00
1:56 PM,15.0,7.2,60,1022.6,16.1,West,33.3,48.2,N/A,,Scattered Clouds,280,2014-01-09 21:56:00
3:56 PM,13.9,7.8,67,1023.7,16.1,West,33.3,42.6,N/A,,Mostly Cloudy,280,2014-01-09 23:56:00
4:56 PM,12.8,7.8,72,1023.4,16.1,West,25.9,-,N/A,,Mostly Cloudy,280,2014-01-10 00:56:00
5:56 PM,12.8,7.2,69,1023.4,16.1,WNW,27.8,-,N/A,,Mostly Cloudy,290,2014-01-10 01:56:00
6:56 PM,12.8,6.7,67,1024.1,16.1,WNW,20.4,-,N/A,,Mostly Cloudy,290,2014-01-10 02:56:00
7:56 PM,12.2,6.7,69,1024.2,16.1,West,25.9,-,N/A,,Scattered Clouds,280,2014-01-10 03:56:00
8:56 PM,11.7,6.1,69,1024.3,16.1,West,20.4,-,N/A,,Scattered Clouds,280,2014-01-10 04:56:00
9:56 PM,11.7,6.1,69,1024.6,16.1,WNW,16.7,-,N/A,,Scattered Clouds,290,2014-01-10 05:56:00
10:56 PM,11.7,6.7,71,1024.8,16.1,West,22.2,-,N/A,,Scattered Clouds,280,2014-01-10 06:56:00
11:56 PM,11.7,6.7,71,1024.7,16.1,West,9.3,-,N/A,,Scattered Clouds,270,2014-01-10 07:56:00
12:56 AM,11.1,6.7,74,1024.4,16.1,West,11.1,-,N/A,,Partly Cloudy,270,2014-01-10 08:56:00
1:56 AM,10.6,6.7,77,1024.5,16.1,West,14.8,-,N/A,,Scattered Clouds,280,2014-01-10 09:56:00
2:56 AM,10.0,6.1,77,1024.3,16.1,West,13.0,-,N/A,,Partly Cloudy,270,2014-01-10 10:56:00
3:56 AM,10.6,6.1,74,1024.1,16.1,West,14.8,-,N/A,,Partly Cloudy,270,2014-01-10 11:56:00
4:56 AM,9.4,6.1,80,1024.2,16.1,West,9.3,-,N/A,,Partly Cloudy,280,2014-01-10 12:56:00
5:49 AM,10.0,7.0,82,1024.3,16.1,Calm,Calm,-,N/A,,Mostly Cloudy,0,2014-01-10 13:49:00
5:56 AM,10.0,7.2,83,1024.4,16.1,Calm,Calm,-,N/A,,Mostly Cloudy,0,2014-01-10 13:56:00
6:56 AM,11.1,8.9,86,1024.6,16.1,WNW,14.8,-,N/A,,Mostly Cloudy,300,2014-01-10 14:56:00
7:56 AM,11.1,8.9,86,1025.1,16.1,West,11.1,-,N/A,,Mostly Cloudy,270,2014-01-10 15:56:00
8:56 AM,11.1,8.9,86,1025.6,12.9,NW,7.4,-,N/A,,Overcast,310,2014-01-10 16:56:00
9:56 AM,11.7,8.9,83,1026.2,12.9,Calm,Calm,-,N/A,,Mostly Cloudy,0,2014-01-10 17:56:00
10:12 AM,12.0,9.0,82,1026.3,14.5,NNE,5.6,-,N/A,,Mostly Cloudy,30,2014-01-10 18:12:00
10:27 AM,12.0,9.0,82,1026.3,14.5,NNE,5.6,-,N/A,,Mostly Cloudy,30,2014-01-10 18:27:00
10:33 AM,12.0,9.0,82,1026.3,14.5,NNE,7.4,-,N/A,,Mostly Cloudy,30,2014-01-10 18:33:00
10:56 AM,10.6,8.9,89,1026.2,9.7,ENE,7.4,-,N/A,,Mostly Cloudy,70,2014-01-10 18:56:00
11:03 AM,11.0,9.0,88,1026.0,9.7,ENE,5.6,-,N/A,,Mostly Cloudy,60,2014-01-10 19:03:00
11:56 AM,11.7,8.9,83,1025.2,14.5,East,7.4,-,N/A,,Mostly Cloudy,80,2014-01-10 19:56:00
12:56 PM,13.3,7.8,69,1023.7,16.1,Calm,Calm,-,N/A,,Mostly Cloudy,0,2014-01-10 20:56:00
1:56 PM,13.9,7.8,67,1022.8,16.1,Calm,Calm,-,N/A,,Mostly Cloudy,0,2014-01-10 21:56:00
2:56 PM,15.6,7.8,60,1022.3,16.1,North,5.6,-,N/A,,Mostly Cloudy,10,2014-01-10 22:56:00
3:56 PM,13.3,8.3,72,1022.2,16.1,Calm,Calm,-,N/A,,Mostly Cloudy,0,2014-01-10 23:56:00
4:56 PM,12.8,7.8,72,1022.2,16.1,WNW,18.5,-,N/A,,Mostly Cloudy,290,2014-01-11 00:56:00
5:56 PM,11.1,7.8,80,1022.2,16.1,WNW,18.5,-,N/A,,Mostly Cloudy,290,2014-01-11 01:56:00
6:56 PM,11.1,7.8,80,1022.6,16.1,WNW,20.4,-,N/A,,Scattered Clouds,290,2014-01-11 02:56:00
7:56 PM,10.6,7.8,83,1022.7,16.1,West,16.7,-,N/A,,Scattered Clouds,280,2014-01-11 03:56:00
8:56 PM,10.0,7.2,83,1023.3,16.1,West,13.0,-,N/A,,Partly Cloudy,280,2014-01-11 04:56:00
9:56 PM,9.4,7.2,86,1023.1,16.1,WNW,11.1,-,N/A,,Partly Cloudy,290,2014-01-11 05:56:00
10:56 PM,10.0,7.2,83,1023.0,16.1,Calm,Calm,-,N/A,,Clear,0,2014-01-11 06:56:00
11:56 PM,9.4,6.1,80,1022.6,16.1,WNW,5.6,-,N/A,,Scattered Clouds,300,2014-01-11 07:56:00
12:56 AM,8.9,6.7,86,1022.6,16.1,Calm,Calm,-,N/A,,Partly Cloudy,0,2014-01-11 08:56:00
1:56 AM,8.9,6.1,83,1022.4,16.1,WNW,5.6,-,N/A,,Clear,290,2014-01-11 09:56:00
2:56 AM,8.9,6.1,83,1022.8,16.1,WNW,7.4,-,N/A,,Clear,290,2014-01-11 10:56:00
3:56 AM,8.3,6.1,86,1022.7,16.1,Calm,Calm,-,N/A,,Clear,0,2014-01-11 11:56:00
4:56 AM,7.8,5.6,86,1022.8,16.1,West,5.6,-,N/A,,Clear,280,2014-01-11 12:56:00
5:31 AM,9.0,7.0,87,1022.9,12.9,WNW,14.8,-,N/A,,Partly Cloudy,290,2014-01-11 13:31:00
5:56 AM,9.4,7.8,90,1023.3,16.1,WNW,22.2,-,N/A,,Partly Cloudy,290,2014-01-11 13:56:00
6:12 AM,9.0,8.0,93,1023.6,16.1,West,22.2,-,N/A,,Mostly Cloudy,280,2014-01-11 14:12:00
6:56 AM,9.4,7.8,90,1023.5,16.1,WNW,13.0,-,N/A,,Mostly Cloudy,290,2014-01-11 14:56:00
7:36 AM,10.0,8.0,87,1023.6,16.1,WNW,5.6,-,N/A,,Mostly Cloudy,290,2014-01-11 15:36:00
7:48 AM,10.0,8.0,87,1023.2,16.1,NW,7.4,-,N/A,,Mostly Cloudy,310,2014-01-11 15:48:00
7:56 AM,10.0,8.3,89,1023.5,16.1,Calm,Calm,-,N/A,,Mostly Cloudy,0,2014-01-11 15:56:00
8:56 AM,10.0,7.8,86,1023.9,16.1,SE,13.0,-,N/A,,Mostly Cloudy,140,2014-01-11 16:56:00
9:56 AM,11.1,8.3,83,1023.0,16.1,ESE,18.5,-,N/A,,Mostly Cloudy,120,2014-01-11 17:56:00
10:56 AM,11.1,8.9,86,1024.2,16.1,NE,9.3,-,N/A,,Mostly Cloudy,50,2014-01-11 18:56:00
11:56 AM,12.2,9.4,83,1023.5,16.1,Calm,Calm,-,N/A,,Mostly Cloudy,0,2014-01-11 19:56:00
12:40 PM,12.0,9.0,82,1022.6,16.1,East,7.4,-,N/A,,Mostly Cloudy,100,2014-01-11 20:40:00
12:56 PM,11.7,8.9,83,1022.4,9.7,East,7.4,-,N/A,,Haze,100,2014-01-11 20:56:00
1:56 PM,12.2,10.0,86,1021.3,12.9,East,7.4,-,N/A,,Overcast,80,2014-01-11 21:56:00
2:56 PM,13.9,10.6,81,1022.0,12.9,SW,18.5,25.9,N/A,,Overcast,230,2014-01-11 22:56:00
3:43 PM,13.0,9.0,77,1022.6,14.5,West,22.2,-,0.00,,Overcast,260,2014-01-11 23:43:00
3:56 PM,13.3,8.3,72,1022.7,16.1,West,20.4,-,0.00,,Mostly Cloudy,270,2014-01-11 23:56:00
4:56 PM,12.2,8.3,77,1023.4,16.1,West,22.2,-,N/A,,Mostly Cloudy,280,2014-01-12 00:56:00
5:56 PM,11.7,8.3,80,1023.6,16.1,West,14.8,-,N/A,,Mostly Cloudy,270,2014-01-12 01:56:00
6:24 PM,12.0,8.0,77,1023.9,16.1,West,16.7,-,N/A,,Mostly Cloudy,270,2014-01-12 02:24:00
6:39 PM,11.0,8.0,82,1024.3,16.1,West,18.5,-,N/A,,Mostly Cloudy,270,2014-01-12 02:39:00
6:56 PM,11.1,8.3,83,1024.1,16.1,West,11.1,-,N/A,,Scattered Clouds,280,2014-01-12 02:56:00
7:56 PM,11.1,8.3,83,1024.7,16.1,WNW,11.1,-,N/A,,Partly Cloudy,290,2014-01-12 03:56:00
8:56 PM,10.6,8.3,86,1025.3,16.1,WNW,5.6,-,N/A,,Scattered Clouds,290,2014-01-12 04:56:00
9:56 PM,11.1,8.3,83,1025.7,16.1,West,11.1,-,N/A,,Mostly Cloudy,270,2014-01-12 05:56:00
10:56 PM,10.6,8.3,86,1025.8,16.1,West,7.4,-,N/A,,Scattered Clouds,280,2014-01-12 06:56:00
11:56 PM,10.0,7.8,86,1025.4,16.1,WNW,14.8,-,N/A,,Partly Cloudy,290,2014-01-12 07:56:00
12:56 AM,10.0,7.8,86,1025.1,16.1,WNW,18.5,-,N/A,,Clear,290,2014-01-12 08:56:00
1:56 AM,10.0,8.3,89,1025.5,16.1,West,16.7,-,N/A,,Clear,280,2014-01-12 09:56:00
2:56 AM,9.4,7.8,90,1025.6,14.5,WNW,11.1,-,N/A,,Clear,290,2014-01-12 10:56:00
3:56 AM,8.3,7.2,93,1025.1,11.3,West,11.1,-,N/A,,Partly Cloudy,280,2014-01-12 11:56:00
4:56 AM,7.8,6.1,89,1025.8,12.9,West,13.0,-,N/A,,Partly Cloudy,280,2014-01-12 12:56:00
5:56 AM,8.9,6.7,86,1026.3,16.1,WNW,7.4,-,N/A,,Partly Cloudy,300,2014-01-12 13:56:00
6:56 AM,8.3,6.1,86,1026.9,16.1,Calm,Calm,-,N/A,,Mostly Cloudy,0,2014-01-12 14:56:00
7:56 AM,8.9,6.1,83,1027.8,16.1,Calm,Calm,-,N/A,,Mostly Cloudy,0,2014-01-12 15:56:00
8:56 AM,9.4,6.7,83,1028.8,16.1,North,9.3,-,N/A,,Mostly Cloudy,10,2014-01-12 16:56:00
9:56 AM,10.6,6.7,77,1029.2,16.1,North,9.3,-,N/A,,Mostly Cloudy,10,2014-01-12 17:56:00
10:56 AM,11.1,5.6,69,1029.1,16.1,NNW,9.3,-,N/A,,Scattered Clouds,340,2014-01-12 18:56:00
11:56 AM,13.3,3.9,53,1028.0,16.1,North,16.7,-,N/A,,Scattered Clouds,350,2014-01-12 19:56:00
12:56 PM,13.9,3.9,51,1027.4,16.1,NNW,22.2,-,N/A,,Partly Cloudy,340,2014-01-12 20:56:00
1:56 PM,14.4,4.4,51,1026.7,16.1,North,14.8,-,N/A,,Partly Cloudy,10,2014-01-12 21:56:00
2:56 PM,15.0,4.4,49,1026.8,16.1,NNW,20.4,-,N/A,,Partly Cloudy,340,2014-01-12 22:56:00
3:56 PM,15.6,5.0,49,1026.7,16.1,NNW,18.5,-,N/A,,Clear,340,2014-01-12 23:56:00
4:56 PM,14.4,4.4,51,1026.7,16.1,West,13.0,-,N/A,,Clear,280,2014-01-13 00:56:00
5:56 PM,12.8,6.7,67,1026.7,16.1,West,20.4,-,N/A,,Clear,280,2014-01-13 01:56:00
6:56 PM,12.2,6.1,66,1026.8,16.1,West,20.4,-,N/A,,Clear,280,2014-01-13 02:56:00
7:56 PM,12.2,5.0,62,1026.9,16.1,West,11.1,-,N/A,,Partly Cloudy,270,2014-01-13 03:56:00
8:56 PM,12.8,3.3,53,1027.2,16.1,Calm,Calm,-,N/A,,Partly Cloudy,0,2014-01-13 04:56:00
9:56 PM,11.7,3.3,57,1027.6,16.1,Calm,Calm,-,N/A,,Partly Cloudy,0,2014-01-13 05:56:00
10:56 PM,11.1,2.2,54,1027.7,16.1,Calm,Calm,-,N/A,,Clear,0,2014-01-13 06:56:00
11:56 PM,10.6,2.8,59,1027.2,16.1,Calm,Calm,-,N/A,,Clear,0,2014-01-13 07:56:00
12:56 AM,10.6,3.9,63,1027.8,16.1,Calm,Calm,-,N/A,,Clear,0,2014-01-13 08:56:00
1:56 AM,7.8,1.7,66,1028.0,16.1,Calm,Calm,-,N/A,,Clear,0,2014-01-13 09:56:00
2:56 AM,8.9,3.9,71,1028.3,16.1,Calm,Calm,-,N/A,,Clear,0,2014-01-13 10:56:00
3:56 AM,7.2,1.1,65,1028.5,16.1,Calm,Calm,-,N/A,,Clear,0,2014-01-13 11:56:00
4:56 AM,8.3,1.7,63,1028.5,16.1,SE,11.1,-,N/A,,Clear,130,2014-01-13 12:56:00
5:56 AM,12.2,2.8,53,1028.9,16.1,East,11.1,-,N/A,,Clear,80,2014-01-13 13:56:00
6:56 AM,12.2,5.0,62,1029.3,16.1,ENE,24.1,-,N/A,,Partly Cloudy,60,2014-01-13 14:56:00
7:56 AM,12.2,3.3,55,1030.0,16.1,East,9.3,-,N/A,,Partly Cloudy,100,2014-01-13 15:56:00
8:56 AM,13.9,2.8,47,1030.9,16.1,ESE,7.4,-,N/A,,Partly Cloudy,110,2014-01-13 16:56:00
9:56 AM,15.6,2.2,41,1031.6,16.1,NE,11.1,-,N/A,,Partly Cloudy,40,2014-01-13 17:56:00
10:56 AM,15.6,3.3,44,1031.5,16.1,ESE,5.6,-,N/A,,Partly Cloudy,120,2014-01-13 18:56:00
11:56 AM,15.6,5.6,51,1030.4,16.1,Calm,Calm,-,N/A,,Partly Cloudy,0,2014-01-13 19:56:00
12:56 PM,16.7,3.9,43,1029.4,16.1,ENE,5.6,-,N/A,,Partly Cloudy,60,2014-01-13 20:56:00
1:56 PM,18.9,0.0,28,1028.9,16.1,Calm,Calm,-,N/A,,Partly Cloudy,0,2014-01-13 21:56:00
2:56 PM,18.9,1.1,30,1028.7,16.1,Calm,Calm,-,N/A,,Clear,0,2014-01-13 22:56:00
3:56 PM,18.3,1.7,33,1028.6,16.1,Calm,Calm,-,N/A,,Partly Cloudy,0,2014-01-13 23:56:00
4:56 PM,15.6,4.4,47,1028.5,16.1,Calm,Calm,-,N/A,,Partly Cloudy,0,2014-01-14 00:56:00
5:56 PM,13.9,6.7,62,1029.0,16.1,NNE,9.3,-,N/A,,Partly Cloudy,20,2014-01-14 01:56:00
6:56 PM,15.0,3.9,48,1029.3,16.1,Calm,Calm,-,N/A,,Partly Cloudy,0,2014-01-14 02:56:00
7:56 PM,14.4,2.8,46,1029.2,16.1,South,5.6,-,N/A,,Partly Cloudy,190,2014-01-14 03:56:00
8:56 PM,13.9,2.2,45,1029.3,16.1,Calm,Calm,-,N/A,,Partly Cloudy,0,2014-01-14 04:56:00
9:56 PM,13.3,2.8,49,1029.5,16.1,Calm,Calm,-,N/A,,Partly Cloudy,0,2014-01-14 05:56:00
10:56 PM,11.1,3.3,59,1029.5,16.1,Calm,Calm,-,N/A,,Clear,0,2014-01-14 06:56:00
11:56 PM,12.2,5.6,64,1029.2,16.1,Calm,Calm,-,N/A,,Clear,0,2014-01-14 07:56:00
12:56 AM,10.6,4.4,66,1029.0,16.1,Calm,Calm,-,N/A,,Clear,0,2014-01-14 08:56:00
1:56 AM,8.9,3.3,68,1029.2,16.1,South,5.6,-,N/A,,Clear,170,2014-01-14 09:56:00
2:56 AM,8.9,2.8,66,1029.2,16.1,Calm,Calm,-,N/A,,Clear,0,2014-01-14 10:56:00
3:56 AM,7.8,3.3,73,1029.2,16.1,Calm,Calm,-,N/A,,Clear,0,2014-01-14 11:56:00
4:56 AM,7.8,1.1,63,1029.2,16.1,WSW,5.6,-,N/A,,Clear,250,2014-01-14 12:56:00
5:56 AM,6.7,0.6,65,1029.6,16.1,Calm,Calm,-,N/A,,Clear,0,2014-01-14 13:56:00
6:56 AM,9.4,1.1,56,1030.1,16.1,Calm,Calm,-,N/A,,Clear,0,2014-01-14 14:56:00
7:56 AM,10.6,2.2,56,1030.4,16.1,Calm,Calm,-,N/A,,Clear,0,2014-01-14 15:56:00
8:56 AM,12.2,5.6,64,1031.0,16.1,Calm,Calm,-,N/A,,Clear,0,2014-01-14 16:56:00
9:56 AM,13.3,5.6,60,1031.1,16.1,Calm,Calm,-,N/A,,Clear,0,2014-01-14 17:56:00
10:56 AM,16.1,4.4,46,1030.8,16.1,ESE,13.0,-,N/A,,Partly Cloudy,110,2014-01-14 18:56:00
11:56 AM,17.2,3.9,41,1029.8,16.1,ESE,16.7,-,N/A,,Partly Cloudy,120,2014-01-14 19:56:00
12:56 PM,20.6,-1.1,23,1028.4,16.1,ESE,16.7,-,N/A,,Clear,110,2014-01-14 20:56:00
1:56 PM,22.2,-3.3,18,1027.7,16.1,SE,13.0,-,N/A,,Clear,130,2014-01-14 21:56:00
2:56 PM,18.3,4.4,40,1027.6,16.1,Calm,Calm,-,N/A,,Clear,0,2014-01-14 22:56:00
3:56 PM,18.3,1.1,32,1027.6,16.1,Calm,Calm,-,N/A,,Clear,0,2014-01-14 23:56:00
4:56 PM,18.3,-0.6,28,1027.3,16.1,Calm,Calm,-,N/A,,Clear,0,2014-01-15 00:56:00
5:56 PM,14.4,5.6,56,1027.4,16.1,NNE,11.1,-,N/A,,Clear,20,2014-01-15 01:56:00
6:56 PM,15.6,1.1,38,1027.4,16.1,Calm,Calm,-,N/A,,Clear,0,2014-01-15 02:56:00
7:56 PM,13.9,0.0,39,1027.3,16.1,Calm,Calm,-,N/A,,Clear,0,2014-01-15 03:56:00
8:56 PM,13.3,1.7,45,1027.1,16.1,South,5.6,-,N/A,,Clear,170,2014-01-15 04:56:00
9:56 PM,11.7,5.6,66,1027.2,16.1,Calm,Calm,-,N/A,,Clear,0,2014-01-15 05:56:00
10:56 PM,11.1,3.9,61,1027.0,16.1,Calm,Calm,-,N/A,,Clear,0,2014-01-15 06:56:00
11:56 PM,11.1,5.6,69,1026.7,16.1,Calm,Calm,-,N/A,,Clear,0,2014-01-15 07:56:00
12:56 AM,10.6,3.3,61,1026.2,16.1,Calm,Calm,-,N/A,,Clear,0,2014-01-15 08:56:00
1:56 AM,11.1,0.0,47,1026.6,16.1,Calm,Calm,-,N/A,,Clear,0,2014-01-15 09:56:00
2:56 AM,10.6,3.3,61,1026.5,16.1,South,9.3,-,N/A,,Clear,170,2014-01-15 10:56:00
3:56 AM,15.0,2.8,44,1026.5,16.1,Calm,Calm,-,N/A,,Clear,0,2014-01-15 11:56:00
4:56 AM,11.1,3.3,59,1026.4,16.1,SE,5.6,-,N/A,,Clear,130,2014-01-15 12:56:00
5:56 AM,10.0,3.9,66,1026.2,16.1,ESE,11.1,-,N/A,,Clear,110,2014-01-15 13:56:00
6:56 AM,11.7,3.3,57,1026.6,16.1,SSE,11.1,-,N/A,,Partly Cloudy,150,2014-01-15 14:56:00
7:56 AM,11.1,1.7,53,1026.8,16.1,SE,7.4,-,N/A,,Partly Cloudy,140,2014-01-15 15:56:00
8:56 AM,14.4,0.0,37,1027.3,16.1,SE,9.3,-,N/A,,Partly Cloudy,140,2014-01-15 16:56:00
9:56 AM,15.6,1.1,38,1027.5,16.1,SE,11.1,-,N/A,,Partly Cloudy,140,2014-01-15 17:56:00
10:56 AM,15.6,4.4,47,1026.9,16.1,East,5.6,-,N/A,,Partly Cloudy,100,2014-01-15 18:56:00
11:56 AM,16.1,4.4,46,1025.7,16.1,East,9.3,-,N/A,,Partly Cloudy,100,2014-01-15 19:56:00
12:56 PM,19.4,1.1,30,1024.7,16.1,Calm,Calm,-,N/A,,Partly Cloudy,0,2014-01-15 20:56:00
1:56 PM,20.6,-1.1,23,1024.0,16.1,Calm,Calm,-,N/A,,Partly Cloudy,0,2014-01-15 21:56:00
2:56 PM,22.2,-3.9,17,1023.6,16.1,Calm,Calm,-,N/A,,Partly Cloudy,0,2014-01-15 22:56:00
3:56 PM,21.7,-2.2,20,1023.0,16.1,Calm,Calm,-,N/A,,Clear,0,2014-01-15 23:56:00
4:56 PM,20.0,-2.8,21,1022.9,16.1,Calm,Calm,-,N/A,,Clear,0,2014-01-16 00:56:00
5:56 PM,18.3,-1.7,26,1022.6,16.1,SE,7.4,-,N/A,,Clear,130,2014-01-16 01:56:00
6:56 PM,16.1,-1.7,30,1022.7,16.1,Calm,Calm,-,N/A,,Clear,0,2014-01-16 02:56:00
7:56 PM,14.4,3.9,49,1022.7,16.1,North,5.6,-,N/A,,Clear,360,2014-01-16 03:56:00
8:56 PM,14.4,2.8,46,1023.1,16.1,Calm,Calm,-,N/A,,Clear,0,2014-01-16 04:56:00
9:56 PM,12.8,2.2,49,1023.1,16.1,South,5.6,-,N/A,,Clear,170,2014-01-16 05:56:00
10:56 PM,12.8,1.1,45,1023.0,16.1,SE,7.4,-,N/A,,Clear,140,2014-01-16 06:56:00
11:56 PM,11.1,2.8,57,1023.2,16.1,Calm,Calm,-,N/A,,Clear,0,2014-01-16 07:56:00
12:56 AM,12.8,4.4,57,1023.2,16.1,Calm,Calm,-,N/A,,Clear,0,2014-01-16 08:56:00
1:56 AM,8.9,2.2,63,1023.3,16.1,SW,5.6,-,N/A,,Clear,220,2014-01-16 09:56:00
2:56 AM,9.4,3.3,66,1023.0,16.1,SSE,7.4,-,N/A,,Clear,150,2014-01-16 10:56:00
3:56 AM,11.1,5.6,69,1022.7,16.1,Calm,Calm,-,N/A,,Clear,0,2014-01-16 11:56:00
4:56 AM,8.9,2.8,66,1022.4,16.1,Calm,Calm,-,N/A,,Clear,0,2014-01-16 12:56:00
5:56 AM,8.9,2.2,63,1022.6,16.1,Calm,Calm,-,N/A,,Clear,0,2014-01-16 13:56:00
6:56 AM,10.0,2.8,61,1022.8,16.1,Calm,Calm,-,N/A,,Clear,0,2014-01-16 14:56:00
7:56 AM,8.9,2.8,66,1023.1,16.1,Calm,Calm,-,N/A,,Clear,0,2014-01-16 15:56:00
8:56 AM,12.2,2.2,51,1023.7,16.1,Calm,Calm,-,N/A,,Clear,0,2014-01-16 16:56:00
9:56 AM,14.4,3.3,47,1023.8,16.1,East,5.6,-,N/A,,Clear,90,2014-01-16 17:56:00
10:56 AM,17.8,1.1,33,1023.5,16.1,ESE,9.3,-,N/A,,Clear,110,2014-01-16 18:56:00
11:56 AM,20.0,-2.2,22,1022.5,16.1,ESE,11.1,-,N/A,,Clear,120,2014-01-16 19:56:00
12:56 PM,21.7,-2.8,19,1021.2,16.1,SE,13.0,-,N/A,,Clear,140,2014-01-16 20:56:00
1:56 PM,18.9,4.4,38,1020.3,16.1,East,5.6,-,N/A,,Clear,90,2014-01-16 21:56:00
2:56 PM,18.3,5.0,42,1020.2,16.1,NNE,5.6,-,N/A,,Clear,30,2014-01-16 22:56:00
3:56 PM,20.6,-0.6,24,1020.1,16.1,Calm,Calm,-,N/A,,Clear,0,2014-01-16 23:56:00
4:56 PM,19.4,-0.6,26,1020.1,16.1,Calm,Calm,-,N/A,,Clear,0,2014-01-17 00:56:00
5:56 PM,18.3,-2.2,25,1020.2,16.1,Calm,Calm,-,N/A,,Clear,0,2014-01-17 01:56:00
6:56 PM,17.2,-2.8,26,1020.2,16.1,SSW,5.6,-,N/A,,Clear,200,2014-01-17 02:56:00
7:56 PM,15.6,-2.8,28,1020.4,16.1,Calm,Calm,-,N/A,,Clear,0,2014-01-17 03:56:00
8:56 PM,12.8,1.7,47,1020.7,16.1,South,7.4,-,N/A,,Clear,170,2014-01-17 04:56:00
9:56 PM,13.3,1.1,44,1020.7,16.1,Calm,Calm,-,N/A,,Clear,0,2014-01-17 05:56:00
10:56 PM,12.8,0.0,42,1020.6,16.1,Calm,Calm,-,N/A,,Clear,0,2014-01-17 06:56:00
11:56 PM,11.7,6.7,71,1020.5,16.1,North,5.6,-,N/A,,Clear,10,2014-01-17 07:56:00
12:56 AM,12.2,7.2,72,1020.4,16.1,North,5.6,-,N/A,,Clear,10,2014-01-17 08:56:00
1:56 AM,10.0,3.9,66,1020.8,16.1,Calm,Calm,-,N/A,,Clear,0,2014-01-17 09:56:00
2:56 AM,9.4,3.9,69,1020.8,16.1,Calm,Calm,-,N/A,,Clear,0,2014-01-17 10:56:00
3:56 AM,7.2,1.7,68,1021.0,16.1,Calm,Calm,-,N/A,,Clear,0,2014-01-17 11:56:00
4:56 AM,8.3,2.2,66,1020.9,16.1,Calm,Calm,-,N/A,,Clear,0,2014-01-17 12:56:00
5:56 AM,7.8,2.8,71,1021.3,16.1,Calm,Calm,-,N/A,,Clear,0,2014-01-17 13:56:00
6:56 AM,8.9,2.8,66,1021.6,16.1,SSE,5.6,-,N/A,,Clear,150,2014-01-17 14:56:00
7:56 AM,8.3,3.3,71,1021.8,14.5,South,5.6,-,N/A,,Clear,180,2014-01-17 15:56:00
8:56 AM,12.2,6.1,66,1022.2,14.5,Calm,Calm,-,N/A,,Clear,0,2014-01-17 16:56:00
9:56 AM,13.3,6.1,62,1022.5,14.5,Calm,Calm,-,N/A,,Clear,0,2014-01-17 17:56:00
10:56 AM,13.9,7.2,64,1022.3,14.5,NNE,7.4,-,N/A,,Clear,20,2014-01-17 18:56:00
11:56 AM,14.4,7.2,62,1021.3,14.5,NNE,5.6,-,N/A,,Clear,20,2014-01-17 19:56:00
12:56 PM,15.6,2.2,41,1020.4,14.5,Calm,Calm,-,N/A,,Clear,0,2014-01-17 20:56:00
1:56 PM,16.7,3.3,41,1020.2,14.5,Calm,Calm,-,N/A,,Clear,0,2014-01-17 21:56:00
2:56 PM,18.9,4.4,38,1019.9,14.5,Calm,Calm,-,N/A,,Clear,0,2014-01-17 22:56:00
3:56 PM,18.9,3.3,36,1019.7,14.5,Calm,Calm,-,N/A,,Clear,0,2014-01-17 23:56:00
4:56 PM,18.3,3.3,37,1019.6,14.5,Calm,Calm,-,N/A,,Clear,0,2014-01-18 00:56:00
5:56 PM,15.6,5.0,49,1019.7,14.5,Calm,Calm,-,N/A,,Clear,0,2014-01-18 01:56:00
6:56 PM,16.1,3.3,42,1020.1,14.5,Calm,Calm,-,N/A,,Clear,0,2014-01-18 02:56:00
7:56 PM,15.0,2.8,44,1020.2,14.5,SSW,5.6,-,N/A,,Clear,200,2014-01-18 03:56:00
8:56 PM,13.9,2.8,47,1020.6,14.5,South,5.6,-,N/A,,Clear,170,2014-01-18 04:56:00
9:56 PM,13.9,2.8,47,1020.7,14.5,Calm,Calm,-,N/A,,Clear,0,2014-01-18 05:56:00
10:56 PM,13.3,2.2,47,1020.6,14.5,Calm,Calm,-,N/A,,Clear,0,2014-01-18 06:56:00
11:56 PM,11.1,7.2,77,1020.6,8.0,Calm,Calm,-,N/A,,Haze,0,2014-01-18 07:56:00
12:56 AM,9.4,4.4,71,1020.0,12.9,Calm,Calm,-,N/A,,Clear,0,2014-01-18 08:56:00
1:56 AM,9.4,2.8,64,1019.9,12.9,Calm,Calm,-,N/A,,Clear,0,2014-01-18 09:56:00
2:56 AM,8.3,1.7,63,1020.1,14.5,Calm,Calm,-,N/A,,Clear,0,2014-01-18 10:56:00
3:56 AM,7.2,1.7,68,1020.1,14.5,Calm,Calm,-,N/A,,Clear,0,2014-01-18 11:56:00
4:56 AM,7.8,2.8,71,1020.2,12.9,SW,5.6,-,N/A,,Clear,230,2014-01-18 12:56:00
5:56 AM,7.2,2.8,74,1020.4,12.9,Calm,Calm,-,N/A,,Clear,0,2014-01-18 13:56:00
6:56 AM,7.8,3.3,73,1020.7,14.5,Calm,Calm,-,N/A,,Clear,0,2014-01-18 14:56:00
7:56 AM,7.2,3.3,76,1020.9,12.9,South,5.6,-,N/A,,Clear,180,2014-01-18 15:56:00
8:56 AM,11.7,6.7,71,1021.3,12.9,Calm,Calm,-,N/A,,Clear,0,2014-01-18 16:56:00
9:56 AM,12.2,7.2,72,1021.7,11.3,East,5.6,-,N/A,,Clear,90,2014-01-18 17:56:00
10:56 AM,13.3,7.8,69,1022.0,11.3,North,7.4,-,N/A,,Clear,10,2014-01-18 18:56:00
11:56 AM,13.3,6.7,64,1021.0,12.9,Calm,Calm,-,N/A,,Clear,0,2014-01-18 19:56:00
12:56 PM,14.4,7.2,62,1019.7,12.9,Calm,Calm,-,N/A,,Clear,0,2014-01-18 20:56:00
1:56 PM,15.6,6.7,55,1018.8,14.5,Calm,Calm,-,N/A,,Partly Cloudy,0,2014-01-18 21:56:00
2:56 PM,15.0,8.3,64,1018.4,16.1,NE,7.4,-,N/A,,Clear,40,2014-01-18 22:56:00
3:56 PM,16.7,4.4,44,1018.1,16.1,NNE,5.6,-,N/A,,Clear,20,2014-01-18 23:56:00
4:56 PM,16.1,2.2,39,1018.0,16.1,Calm,Calm,-,N/A,,Clear,0,2014-01-19 00:56:00
5:56 PM,15.6,1.1,38,1018.0,16.1,Calm,Calm,-,N/A,,Clear,0,2014-01-19 01:56:00
6:56 PM,15.0,1.7,41,1018.1,16.1,South,5.6,-,N/A,,Clear,180,2014-01-19 02:56:00
7:56 PM,13.9,0.6,40,1018.1,16.1,South,5.6,-,N/A,,Clear,190,2014-01-19 03:56:00
8:56 PM,12.8,0.0,42,1018.2,16.1,Calm,Calm,-,N/A,,Clear,0,2014-01-19 04:56:00
9:56 PM,11.7,3.9,59,1018.7,16.1,Calm,Calm,-,N/A,,Clear,0,2014-01-19 05:56:00
10:56 PM,10.6,2.2,56,1019.0,16.1,Calm,Calm,-,N/A,,Clear,0,2014-01-19 06:56:00
11:56 PM,10.0,0.6,52,1018.7,16.1,Calm,Calm,-,N/A,,Clear,0,2014-01-19 07:56:00
12:56 AM,11.1,3.9,61,1018.4,16.1,ESE,7.4,-,N/A,,Clear,110,2014-01-19 08:56:00
1:56 AM,9.4,3.9,69,1018.4,16.1,SE,5.6,-,N/A,,Clear,130,2014-01-19 09:56:00
2:56 AM,10.0,5.0,71,1018.6,16.1,Calm,Calm,-,N/A,,Clear,0,2014-01-19 10:56:00
3:56 AM,7.8,2.2,68,1018.7,16.1,Calm,Calm,-,N/A,,Clear,0,2014-01-19 11:56:00
4:56 AM,7.8,1.1,63,1018.7,16.1,Calm,Calm,-,N/A,,Clear,0,2014-01-19 12:56:00
5:56 AM,6.7,1.1,68,1019.0,16.1,Calm,Calm,-,N/A,,Clear,0,2014-01-19 13:56:00
6:56 AM,7.8,2.8,71,1019.4,16.1,SSW,5.6,-,N/A,,Partly Cloudy,200,2014-01-19 14:56:00
7:56 AM,7.2,2.8,74,1019.7,16.1,SW,5.6,-,N/A,,Partly Cloudy,220,2014-01-19 15:56:00
8:56 AM,10.0,5.0,71,1019.9,16.1,Calm,Calm,-,N/A,,Clear,0,2014-01-19 16:56:00
9:56 AM,13.3,5.6,60,1020.5,16.1,Calm,Calm,-,N/A,,Partly Cloudy,0,2014-01-19 17:56:00
10:56 AM,13.3,6.7,64,1020.6,16.1,NE,5.6,-,N/A,,Partly Cloudy,50,2014-01-19 18:56:00
11:56 AM,14.4,5.0,53,1019.7,14.5,North,5.6,-,N/A,,Partly Cloudy,10,2014-01-19 19:56:00
12:56 PM,15.6,6.1,53,1019.0,12.9,North,7.4,-,N/A,,Partly Cloudy,10,2014-01-19 20:56:00
1:56 PM,16.7,5.6,48,1018.3,12.9,North,5.6,-,N/A,,Partly Cloudy,10,2014-01-19 21:56:00
2:56 PM,17.2,4.4,43,1017.9,14.5,North,7.4,-,N/A,,Partly Cloudy,10,2014-01-19 22:56:00
3:56 PM,17.8,3.3,38,1017.8,14.5,Calm,Calm,-,N/A,,Partly Cloudy,0,2014-01-19 23:56:00
4:56 PM,18.9,1.7,32,1017.7,14.5,Calm,Calm,-,N/A,,Scattered Clouds,0,2014-01-20 00:56:00
5:56 PM,16.7,3.3,41,1018.0,16.1,SSW,7.4,-,N/A,,Scattered Clouds,200,2014-01-20 01:56:00
6:56 PM,15.0,2.2,42,1018.5,16.1,Calm,Calm,-,N/A,,Partly Cloudy,0,2014-01-20 02:56:00
7:56 PM,14.4,2.2,44,1018.8,16.1,SSE,5.6,-,N/A,,Partly Cloudy,150,2014-01-20 03:56:00
8:56 PM,12.8,2.2,49,1019.2,16.1,Calm,Calm,-,N/A,,Partly Cloudy,0,2014-01-20 04:56:00
9:56 PM,11.7,2.2,52,1019.8,16.1,Calm,Calm,-,N/A,,Partly Cloudy,0,2014-01-20 05:56:00
10:56 PM,10.6,3.3,61,1020.4,16.1,Calm,Calm,-,N/A,,Partly Cloudy,0,2014-01-20 06:56:00
11:56 PM,10.6,3.3,61,1020.1,16.1,South,5.6,-,N/A,,Partly Cloudy,170,2014-01-20 07:56:00
12:56 AM,10.0,2.8,61,1019.8,16.1,Calm,Calm,-,N/A,,Partly Cloudy,0,2014-01-20 08:56:00
1:56 AM,9.4,2.8,64,1019.9,16.1,Calm,Calm,-,N/A,,Partly Cloudy,0,2014-01-20 09:56:00
2:56 AM,7.2,1.1,65,1020.6,16.1,Calm,Calm,-,N/A,,Partly Cloudy,0,2014-01-20 10:56:00
3:56 AM,7.8,1.7,66,1020.5,16.1,Calm,Calm,-,N/A,,Partly Cloudy,0,2014-01-20 11:56:00
4:56 AM,8.9,1.7,61,1020.6,16.1,Calm,Calm,-,N/A,,Partly Cloudy,0,2014-01-20 12:56:00
5:56 AM,9.4,4.4,71,1020.8,16.1,Calm,Calm,-,N/A,,Scattered Clouds,0,2014-01-20 13:56:00
6:56 AM,7.2,3.3,76,1021.2,16.1,Calm,Calm,-,N/A,,Mostly Cloudy,0,2014-01-20 14:56:00
7:56 AM,8.9,4.4,74,1021.6,12.9,Calm,Calm,-,N/A,,Scattered Clouds,0,2014-01-20 15:56:00
8:56 AM,11.1,6.1,71,1021.9,11.3,Calm,Calm,-,N/A,,Scattered Clouds,0,2014-01-20 16:56:00
9:56 AM,12.2,7.2,72,1022.5,11.3,Calm,Calm,-,N/A,,Partly Cloudy,0,2014-01-20 17:56:00
10:56 AM,13.3,7.8,69,1022.6,12.9,ENE,7.4,-,N/A,,Partly Cloudy,60,2014-01-20 18:56:00
11:56 AM,13.9,7.8,67,1021.9,12.9,NNE,5.6,-,N/A,,Partly Cloudy,20,2014-01-20 19:56:00
12:56 PM,14.4,8.3,67,1021.0,14.5,NNE,5.6,-,N/A,,Partly Cloudy,30,2014-01-20 20:56:00
1:56 PM,15.0,8.9,67,1020.5,14.5,Calm,Calm,-,N/A,,Partly Cloudy,0,2014-01-20 21:56:00
2:56 PM,15.6,8.9,64,1020.8,16.1,NNE,7.4,-,N/A,,Partly Cloudy,30,2014-01-20 22:56:00
3:56 PM,17.2,4.4,43,1020.8,16.1,NNE,5.6,-,N/A,,Partly Cloudy,30,2014-01-20 23:56:00
4:56 PM,17.2,5.0,45,1020.9,16.1,NNW,7.4,-,N/A,,Partly Cloudy,340,2014-01-21 00:56:00
5:56 PM,14.4,5.6,56,1021.2,16.1,West,13.0,-,N/A,,Clear,280,2014-01-21 01:56:00
6:56 PM,13.3,6.7,64,1021.6,16.1,West,7.4,-,N/A,,Clear,280,2014-01-21 02:56:00
7:56 PM,12.8,3.3,53,1022.0,16.1,Calm,Calm,-,N/A,,Clear,0,2014-01-21 03:56:00
8:56 PM,12.8,5.6,62,1022.6,16.1,Calm,Calm,-,N/A,,Clear,0,2014-01-21 04:56:00
9:56 PM,11.7,6.1,69,1023.3,16.1,Calm,Calm,-,N/A,,Clear,0,2014-01-21 05:56:00
10:56 PM,10.6,1.7,54,1023.7,16.1,Calm,Calm,-,N/A,,Clear,0,2014-01-21 06:56:00
11:56 PM,10.0,2.2,59,1023.7,16.1,West,7.4,-,N/A,,Clear,270,2014-01-21 07:56:00
12:56 AM,8.9,0.0,54,1023.5,16.1,Calm,Calm,-,N/A,,Clear,0,2014-01-21 08:56:00
1:56 AM,8.9,1.1,58,1023.4,16.1,Calm,Calm,-,N/A,,Clear,0,2014-01-21 09:56:00
2:56 AM,7.8,1.1,63,1023.5,16.1,Calm,Calm,-,N/A,,Clear,0,2014-01-21 10:56:00
3:56 AM,7.2,0.6,63,1023.6,16.1,Calm,Calm,-,N/A,,Clear,0,2014-01-21 11:56:00
4:56 AM,7.8,0.6,61,1023.6,16.1,Calm,Calm,-,N/A,,Partly Cloudy,0,2014-01-21 12:56:00
5:56 AM,6.7,0.0,63,1023.8,16.1,Calm,Calm,-,N/A,,Partly Cloudy,0,2014-01-21 13:56:00
6:56 AM,8.3,3.9,74,1024.0,16.1,SSE,5.6,-,N/A,,Partly Cloudy,160,2014-01-21 14:56:00
7:56 AM,8.3,4.4,77,1024.4,16.1,South,5.6,-,N/A,,Mostly Cloudy,170,2014-01-21 15:56:00
8:56 AM,10.6,5.6,71,1024.7,16.1,Calm,Calm,-,N/A,,Mostly Cloudy,0,2014-01-21 16:56:00
9:56 AM,12.2,5.6,64,1025.0,16.1,East,5.6,-,N/A,,Mostly Cloudy,80,2014-01-21 17:56:00
10:56 AM,13.3,6.7,64,1024.7,16.1,NNE,7.4,-,N/A,,Mostly Cloudy,20,2014-01-21 18:56:00
11:56 AM,13.9,6.7,62,1023.9,16.1,NNE,5.6,-,N/A,,Mostly Cloudy,30,2014-01-21 19:56:00
12:56 PM,14.4,5.6,56,1022.6,16.1,Calm,Calm,-,N/A,,Mostly Cloudy,0,2014-01-21 20:56:00
1:56 PM,17.8,1.1,33,1021.7,16.1,Calm,Calm,-,N/A,,Mostly Cloudy,0,2014-01-21 21:56:00
2:56 PM,17.2,2.8,38,1021.7,16.1,Calm,Calm,-,N/A,,Mostly Cloudy,0,2014-01-21 22:56:00
3:56 PM,18.3,2.2,34,1021.3,16.1,Calm,Calm,-,N/A,,Mostly Cloudy,0,2014-01-21 23:56:00
4:56 PM,19.4,-3.9,21,1021.5,16.1,Calm,Calm,-,N/A,,Mostly Cloudy,0,2014-01-22 00:56:00
5:56 PM,15.0,5.0,51,1021.8,16.1,WNW,11.1,-,N/A,,Scattered Clouds,290,2014-01-22 01:56:00
6:56 PM,13.9,5.0,55,1022.0,16.1,West,11.1,-,N/A,,Scattered Clouds,280,2014-01-22 02:56:00
7:56 PM,13.3,3.9,53,1022.3,16.1,West,16.7,-,N/A,,Clear,280,2014-01-22 03:56:00
8:56 PM,12.8,-1.1,38,1022.3,16.1,SSW,5.6,-,N/A,,Scattered Clouds,200,2014-01-22 04:56:00
9:56 PM,11.7,4.4,61,1022.4,16.1,Calm,Calm,-,N/A,,Partly Cloudy,0,2014-01-22 05:56:00
10:56 PM,11.7,-1.1,41,1022.2,16.1,Calm,Calm,-,N/A,,Partly Cloudy,0,2014-01-22 06:56:00
11:56 PM,10.6,3.9,63,1021.8,16.1,Calm,Calm,-,N/A,,Partly Cloudy,0,2014-01-22 07:56:00
12:56 AM,10.6,5.6,71,1021.5,16.1,Calm,Calm,-,N/A,,Partly Cloudy,0,2014-01-22 08:56:00
1:56 AM,8.3,1.1,61,1021.1,16.1,Calm,Calm,-,N/A,,Partly Cloudy,0,2014-01-22 09:56:00
2:56 AM,7.8,-0.6,56,1021.0,16.1,Calm,Calm,-,N/A,,Clear,0,2014-01-22 10:56:00
3:56 AM,6.7,-0.6,60,1020.5,16.1,SW,5.6,-,N/A,,Clear,220,2014-01-22 11:56:00
4:56 AM,8.3,1.7,63,1020.1,16.1,Calm,Calm,-,N/A,,Clear,0,2014-01-22 12:56:00
5:56 AM,7.2,0.0,60,1020.1,16.1,West,5.6,-,N/A,,Clear,260,2014-01-22 13:56:00
6:56 AM,7.8,2.8,71,1019.9,16.1,Calm,Calm,-,N/A,,Partly Cloudy,0,2014-01-22 14:56:00
7:56 AM,8.3,3.3,71,1019.6,16.1,Calm,Calm,-,N/A,,Partly Cloudy,0,2014-01-22 15:56:00
8:56 AM,11.1,4.4,63,1019.7,16.1,Calm,Calm,-,N/A,,Partly Cloudy,0,2014-01-22 16:56:00
9:56 AM,12.2,5.0,62,1019.6,16.1,East,5.6,-,N/A,,Partly Cloudy,80,2014-01-22 17:56:00
10:56 AM,12.8,6.7,67,1019.2,16.1,NE,5.6,-,N/A,,Partly Cloudy,40,2014-01-22 18:56:00
11:56 AM,13.3,7.2,67,1018.4,16.1,NE,7.4,-,N/A,,Partly Cloudy,50,2014-01-22 19:56:00
12:56 PM,13.9,7.2,64,1016.9,16.1,Calm,Calm,-,N/A,,Partly Cloudy,0,2014-01-22 20:56:00
1:56 PM,14.4,7.2,62,1016.2,16.1,NNE,9.3,-,N/A,,Partly Cloudy,30,2014-01-22 21:56:00
2:56 PM,15.6,6.1,53,1015.5,16.1,Calm,Calm,-,N/A,,Clear,0,2014-01-22 22:56:00
3:56 PM,16.1,5.6,50,1015.0,16.1,NNW,11.1,-,N/A,,Clear,340,2014-01-22 23:56:00
4:56 PM,15.0,7.8,62,1014.5,16.1,WNW,22.2,-,N/A,,Clear,290,2014-01-23 00:56:00
5:56 PM,12.8,7.8,72,1014.5,16.1,WNW,25.9,-,N/A,,Partly Cloudy,290,2014-01-23 01:56:00
6:56 PM,12.8,7.8,72,1014.0,16.1,WNW,24.1,-,N/A,,Partly Cloudy,290,2014-01-23 02:56:00
7:56 PM,12.2,8.3,77,1013.8,16.1,WNW,24.1,-,N/A,,Partly Cloudy,290,2014-01-23 03:56:00
8:56 PM,11.7,7.8,77,1014.2,16.1,WNW,14.8,-,N/A,,Partly Cloudy,290,2014-01-23 04:56:00
9:56 PM,11.1,7.2,77,1013.8,16.1,West,7.4,-,N/A,,Partly Cloudy,270,2014-01-23 05:56:00
10:56 PM,11.7,7.8,77,1013.9,16.1,NW,20.4,-,N/A,,Partly Cloudy,310,2014-01-23 06:56:00
11:56 PM,9.4,5.0,74,1013.3,16.1,South,9.3,-,N/A,,Partly Cloudy,180,2014-01-23 07:56:00
12:56 AM,10.0,7.2,83,1013.5,14.5,WNW,9.3,-,N/A,,Partly Cloudy,290,2014-01-23 08:56:00
1:56 AM,8.9,5.0,77,1013.0,16.1,SW,5.6,-,N/A,,Partly Cloudy,220,2014-01-23 09:56:00
2:56 AM,8.3,4.4,77,1013.2,16.1,SSW,7.4,-,N/A,,Partly Cloudy,210,2014-01-23 10:56:00
3:56 AM,7.2,2.8,74,1012.9,16.1,Calm,Calm,-,N/A,,Clear,0,2014-01-23 11:56:00
4:56 AM,8.3,2.8,68,1012.8,16.1,Calm,Calm,-,N/A,,Clear,0,2014-01-23 12:56:00
5:56 AM,10.6,3.9,63,1013.0,16.1,ESE,7.4,-,N/A,,Clear,120,2014-01-23 13:56:00
6:56 AM,10.6,2.8,59,1012.9,16.1,SSE,11.1,-,N/A,,Partly Cloudy,150,2014-01-23 14:56:00
7:56 AM,13.3,4.4,55,1013.4,16.1,East,22.2,-,N/A,,Partly Cloudy,80,2014-01-23 15:56:00
8:56 AM,14.4,2.2,44,1013.5,16.1,NE,24.1,-,N/A,,Partly Cloudy,50,2014-01-23 16:56:00
9:56 AM,15.0,2.8,44,1013.7,16.1,NE,24.1,-,N/A,,Partly Cloudy,40,2014-01-23 17:56:00
10:56 AM,15.6,5.6,51,1013.5,16.1,NE,9.3,-,N/A,,Clear,50,2014-01-23 18:56:00
11:56 AM,16.1,4.4,46,1012.7,16.1,Calm,Calm,-,N/A,,Clear,0,2014-01-23 19:56:00
12:56 PM,18.3,-0.6,28,1012.0,16.1,Calm,Calm,-,N/A,,Clear,0,2014-01-23 20:56:00
1:56 PM,19.4,-1.7,24,1011.8,14.5,Calm,Calm,-,N/A,,Clear,0,2014-01-23 21:56:00
2:56 PM,20.0,-1.1,24,1011.6,16.1,Calm,Calm,-,N/A,,Clear,0,2014-01-23 22:56:00
3:56 PM,20.0,-2.8,21,1011.8,16.1,SSE,5.6,-,N/A,,Clear,160,2014-01-23 23:56:00
4:56 PM,18.3,0.0,29,1011.9,14.5,Calm,Calm,-,N/A,,Clear,0,2014-01-24 00:56:00
5:56 PM,16.1,3.3,42,1012.2,12.9,East,7.4,-,N/A,,Clear,90,2014-01-24 01:56:00
6:56 PM,15.0,3.9,48,1012.7,11.3,NNW,5.6,-,N/A,,Clear,340,2014-01-24 02:56:00
7:56 PM,13.9,6.7,62,1013.7,11.3,Calm,Calm,-,N/A,,Clear,0,2014-01-24 03:56:00
8:56 PM,12.2,8.3,77,1014.6,14.5,West,14.8,-,N/A,,Clear,280,2014-01-24 04:56:00
9:56 PM,12.2,8.3,77,1015.3,14.5,West,14.8,-,N/A,,Clear,270,2014-01-24 05:56:00
10:56 PM,11.7,8.3,80,1016.2,11.3,NW,7.4,-,N/A,,Clear,310,2014-01-24 06:56:00
11:56 PM,11.1,7.2,77,1016.4,11.3,Calm,Calm,-,N/A,,Clear,0,2014-01-24 07:56:00
12:56 AM,10.0,5.0,71,1016.7,9.7,SW,5.6,-,N/A,,Haze,230,2014-01-24 08:56:00
1:56 AM,9.4,5.0,74,1017.3,11.3,West,5.6,-,N/A,,Clear,260,2014-01-24 09:56:00
2:56 AM,9.4,3.3,66,1017.7,12.9,Calm,Calm,-,N/A,,Clear,0,2014-01-24 10:56:00
3:56 AM,8.9,3.3,68,1018.1,14.5,Calm,Calm,-,N/A,,Clear,0,2014-01-24 11:56:00
4:56 AM,9.4,3.9,69,1018.3,12.9,Calm,Calm,-,N/A,,Clear,0,2014-01-24 12:56:00
5:56 AM,8.3,4.4,77,1018.7,12.9,Calm,Calm,-,N/A,,Clear,0,2014-01-24 13:56:00
6:56 AM,8.9,5.0,77,1019.4,14.5,Calm,Calm,-,N/A,,Scattered Clouds,0,2014-01-24 14:56:00
7:56 AM,9.4,5.6,77,1019.8,14.5,Calm,Calm,-,N/A,,Scattered Clouds,0,2014-01-24 15:56:00
8:56 AM,10.0,6.1,77,1020.6,12.9,Calm,Calm,-,N/A,,Mostly Cloudy,0,2014-01-24 16:56:00
9:56 AM,11.7,6.1,69,1021.5,12.9,Calm,Calm,-,N/A,,Mostly Cloudy,0,2014-01-24 17:56:00
10:06 AM,12.0,7.0,72,1021.6,9.7,Calm,Calm,-,N/A,,Haze,0,2014-01-24 18:06:00
10:56 AM,12.2,7.2,72,1022.2,9.7,ENE,5.6,-,N/A,,Haze,70,2014-01-24 18:56:00
11:56 AM,12.8,7.8,72,1022.0,9.7,ENE,7.4,-,N/A,,Haze,60,2014-01-24 19:56:00
12:56 PM,13.9,8.3,69,1021.7,6.4,East,5.6,-,N/A,,Haze,80,2014-01-24 20:56:00
1:56 PM,13.9,8.3,69,1021.4,12.9,East,5.6,-,N/A,,Mostly Cloudy,80,2014-01-24 21:56:00
2:56 PM,16.1,4.4,46,1021.5,11.3,ENE,5.6,-,N/A,,Mostly Cloudy,70,2014-01-24 22:56:00
3:56 PM,16.7,1.7,37,1021.8,11.3,Calm,Calm,-,N/A,,Mostly Cloudy,0,2014-01-24 23:56:00
4:56 PM,17.2,0.0,31,1022.1,11.3,SSW,5.6,-,N/A,,Mostly Cloudy,200,2014-01-25 00:56:00
5:56 PM,16.7,2.2,38,1022.6,12.9,West,7.4,-,N/A,,Mostly Cloudy,270,2014-01-25 01:56:00
6:56 PM,15.6,4.4,47,1023.2,14.5,West,9.3,-,N/A,,Scattered Clouds,280,2014-01-25 02:56:00
7:56 PM,13.3,7.2,67,1023.7,12.9,ENE,5.6,-,N/A,,Scattered Clouds,60,2014-01-25 03:56:00
8:56 PM,13.3,5.6,60,1024.1,12.9,Calm,Calm,-,N/A,,Scattered Clouds,0,2014-01-25 04:56:00
9:56 PM,12.2,6.7,69,1024.4,16.1,West,14.8,-,N/A,,Partly Cloudy,280,2014-01-25 05:56:00
10:56 PM,12.8,8.3,74,1024.8,16.1,NW,7.4,-,N/A,,Partly Cloudy,320,2014-01-25 06:56:00
11:56 PM,12.2,8.3,77,1025.2,14.5,NNE,7.4,-,N/A,,Partly Cloudy,20,2014-01-25 07:56:00
12:56 AM,11.1,6.7,74,1025.1,14.5,Calm,Calm,-,N/A,,Partly Cloudy,0,2014-01-25 08:56:00
1:56 AM,10.6,5.6,71,1024.9,16.1,Variable,5.6,-,N/A,,Partly Cloudy,0,2014-01-25 09:56:00
2:56 AM,11.1,6.1,71,1024.6,16.1,SSW,5.6,-,N/A,,Partly Cloudy,200,2014-01-25 10:56:00
3:56 AM,11.1,6.1,71,1024.3,16.1,Calm,Calm,-,N/A,,Scattered Clouds,0,2014-01-25 11:56:00
4:56 AM,11.7,8.9,83,1023.9,14.5,Calm,Calm,-,N/A,,Scattered Clouds,0,2014-01-25 12:56:00
5:56 AM,11.1,7.2,77,1023.7,14.5,Calm,Calm,-,N/A,,Scattered Clouds,0,2014-01-25 13:56:00
6:56 AM,10.0,6.7,80,1023.9,14.5,Calm,Calm,-,N/A,,Scattered Clouds,0,2014-01-25 14:56:00
7:56 AM,10.0,6.7,80,1024.1,14.5,Calm,Calm,-,N/A,,Scattered Clouds,0,2014-01-25 15:56:00
8:56 AM,12.2,6.7,69,1024.2,12.9,Calm,Calm,-,N/A,,Partly Cloudy,0,2014-01-25 16:56:00
9:56 AM,13.3,6.7,64,1024.3,11.3,Calm,Calm,-,N/A,,Partly Cloudy,0,2014-01-25 17:56:00
10:56 AM,14.4,7.8,65,1024.0,11.3,Calm,Calm,-,N/A,,Scattered Clouds,0,2014-01-25 18:56:00
11:56 AM,15.6,8.9,64,1023.1,12.9,NNE,9.3,-,N/A,,Scattered Clouds,30,2014-01-25 19:56:00
12:56 PM,14.4,8.9,70,1022.1,11.3,NE,5.6,-,N/A,,Scattered Clouds,50,2014-01-25 20:56:00
1:56 PM,15.6,7.8,60,1021.3,12.9,Calm,Calm,-,N/A,,Scattered Clouds,0,2014-01-25 21:56:00
2:56 PM,16.7,7.8,56,1020.8,16.1,NE,5.6,-,N/A,,Partly Cloudy,50,2014-01-25 22:56:00
3:56 PM,17.8,4.4,41,1020.4,16.1,Calm,Calm,-,N/A,,Partly Cloudy,0,2014-01-25 23:56:00
4:56 PM,17.8,2.8,37,1020.2,16.1,Calm,Calm,-,N/A,,Scattered Clouds,0,2014-01-26 00:56:00
5:56 PM,16.7,6.1,50,1020.1,16.1,WNW,9.3,-,N/A,,Scattered Clouds,290,2014-01-26 01:56:00
6:56 PM,16.1,5.0,48,1020.3,16.1,SW,5.6,-,N/A,,Partly Cloudy,220,2014-01-26 02:56:00
7:56 PM,15.0,5.6,53,1020.4,16.1,WNW,13.0,-,N/A,,Partly Cloudy,290,2014-01-26 03:56:00
8:56 PM,14.4,2.8,46,1020.3,16.1,Calm,Calm,-,N/A,,Partly Cloudy,0,2014-01-26 04:56:00
9:56 PM,13.3,4.4,55,1020.6,16.1,Calm,Calm,-,N/A,,Partly Cloudy,0,2014-01-26 05:56:00
10:56 PM,12.2,1.1,47,1020.5,16.1,SSW,5.6,-,N/A,,Clear,210,2014-01-26 06:56:00
11:56 PM,12.8,7.2,69,1020.1,16.1,Calm,Calm,-,N/A,,Clear,0,2014-01-26 07:56:00
12:56 AM,12.2,4.4,59,1019.8,16.1,Calm,Calm,-,N/A,,Clear,0,2014-01-26 08:56:00
1:56 AM,11.1,2.8,57,1019.7,16.1,Calm,Calm,-,N/A,,Partly Cloudy,0,2014-01-26 09:56:00
2:56 AM,9.4,0.6,54,1019.7,16.1,Calm,Calm,-,N/A,,Clear,0,2014-01-26 10:56:00
3:56 AM,9.4,0.6,54,1019.1,16.1,Calm,Calm,-,N/A,,Clear,0,2014-01-26 11:56:00
4:56 AM,10.6,1.7,54,1018.9,16.1,Calm,Calm,-,N/A,,Mostly Cloudy,0,2014-01-26 12:56:00
5:56 AM,10.6,2.8,59,1019.2,16.1,Calm,Calm,-,N/A,,Mostly Cloudy,0,2014-01-26 13:56:00
6:56 AM,11.7,5.6,66,1019.6,16.1,North,5.6,-,N/A,,Mostly Cloudy,360,2014-01-26 14:56:00
7:56 AM,11.7,6.7,71,1019.6,16.1,Calm,Calm,-,N/A,,Mostly Cloudy,0,2014-01-26 15:56:00
8:56 AM,12.8,7.8,72,1019.9,16.1,Calm,Calm,-,N/A,,Mostly Cloudy,0,2014-01-26 16:56:00
9:56 AM,13.9,8.3,69,1020.4,16.1,Calm,Calm,-,N/A,,Mostly Cloudy,0,2014-01-26 17:56:00
10:56 AM,14.4,8.3,67,1020.3,16.1,East,5.6,-,N/A,,Mostly Cloudy,80,2014-01-26 18:56:00
11:56 AM,14.4,8.3,67,1019.6,14.5,NE,7.4,-,N/A,,Scattered Clouds,40,2014-01-26 19:56:00
12:56 PM,15.6,7.8,60,1018.4,16.1,North,5.6,-,N/A,,Scattered Clouds,10,2014-01-26 20:56:00
1:56 PM,17.2,5.0,45,1017.3,16.1,Calm,Calm,-,N/A,,Scattered Clouds,0,2014-01-26 21:56:00
2:56 PM,16.7,8.3,58,1016.8,16.1,NNE,9.3,-,N/A,,Scattered Clouds,30,2014-01-26 22:56:00
3:56 PM,18.3,7.8,50,1017.0,16.1,WNW,20.4,-,N/A,,Scattered Clouds,300,2014-01-26 23:56:00
4:56 PM,14.4,7.8,65,1017.4,16.1,WNW,20.4,-,N/A,,Scattered Clouds,290,2014-01-27 00:56:00
5:56 PM,12.2,8.3,77,1017.9,16.1,WNW,27.8,-,N/A,,Partly Cloudy,290,2014-01-27 01:56:00
6:56 PM,11.7,8.3,80,1017.8,16.1,WNW,25.9,-,N/A,,Partly Cloudy,290,2014-01-27 02:56:00
7:56 PM,11.7,8.9,83,1018.0,16.1,WNW,22.2,-,N/A,,Partly Cloudy,300,2014-01-27 03:56:00
8:56 PM,11.7,8.9,83,1018.8,16.1,WNW,24.1,-,N/A,,Partly Cloudy,290,2014-01-27 04:56:00
9:56 PM,11.7,8.3,80,1019.0,16.1,West,24.1,-,N/A,,Partly Cloudy,280,2014-01-27 05:56:00
10:56 PM,11.1,7.8,80,1019.5,16.1,West,18.5,-,N/A,,Partly Cloudy,280,2014-01-27 06:56:00
11:56 PM,10.6,7.8,83,1019.1,16.1,West,7.4,-,N/A,,Partly Cloudy,280,2014-01-27 07:56:00
12:56 AM,9.4,6.1,80,1018.9,16.1,Calm,Calm,-,N/A,,Clear,0,2014-01-27 08:56:00
1:24 AM,11.0,8.0,82,1018.5,16.1,Calm,Calm,-,N/A,,Scattered Clouds,0,2014-01-27 09:24:00
1:34 AM,11.0,8.0,82,1018.8,16.1,Calm,Calm,-,N/A,,Mostly Cloudy,0,2014-01-27 09:34:00
1:56 AM,10.0,7.2,83,1019.1,16.1,Calm,Calm,-,N/A,,Mostly Cloudy,0,2014-01-27 09:56:00
2:56 AM,9.4,6.1,80,1019.0,16.1,WSW,7.4,-,N/A,,Mostly Cloudy,250,2014-01-27 10:56:00
3:56 AM,10.0,6.7,80,1019.4,12.9,West,9.3,-,N/A,,Mostly Cloudy,280,2014-01-27 11:56:00
4:56 AM,10.0,6.7,80,1019.6,16.1,West,9.3,-,N/A,,Mostly Cloudy,260,2014-01-27 12:56:00
5:56 AM,10.0,7.2,83,1019.9,14.5,South,5.6,-,N/A,,Mostly Cloudy,170,2014-01-27 13:56:00
6:56 AM,10.0,6.7,80,1020.5,16.1,SSE,9.3,-,N/A,,Mostly Cloudy,150,2014-01-27 14:56:00
7:56 AM,10.0,6.7,80,1021.2,16.1,SE,9.3,-,N/A,,Mostly Cloudy,130,2014-01-27 15:56:00
8:56 AM,10.6,7.2,80,1022.0,14.5,SE,7.4,-,N/A,,Overcast,130,2014-01-27 16:56:00
9:56 AM,12.2,7.8,75,1022.4,14.5,East,9.3,-,N/A,,Mostly Cloudy,80,2014-01-27 17:56:00
10:56 AM,12.8,7.8,72,1022.6,16.1,East,13.0,-,N/A,,Mostly Cloudy,100,2014-01-27 18:56:00
11:56 AM,12.8,8.3,74,1021.6,16.1,East,14.8,-,N/A,,Mostly Cloudy,100,2014-01-27 19:56:00
12:56 PM,12.2,8.3,77,1020.9,16.1,East,14.8,-,N/A,,Mostly Cloudy,80,2014-01-27 20:56:00
1:56 PM,13.3,8.3,72,1020.5,16.1,ENE,5.6,-,N/A,,Mostly Cloudy,70,2014-01-27 21:56:00
2:56 PM,15.0,8.3,64,1020.4,16.1,WNW,24.1,-,N/A,,Mostly Cloudy,290,2014-01-27 22:56:00
3:03 PM,14.0,8.0,67,1020.2,16.1,WNW,29.6,-,N/A,,Mostly Cloudy,290,2014-01-27 23:03:00
3:56 PM,13.9,8.3,69,1020.3,16.1,NW,18.5,-,N/A,,Mostly Cloudy,310,2014-01-27 23:56:00
4:56 PM,12.8,8.3,74,1020.5,16.1,WNW,16.7,-,N/A,,Mostly Cloudy,300,2014-01-28 00:56:00
5:56 PM,12.8,8.3,74,1021.0,16.1,WNW,13.0,-,N/A,,Mostly Cloudy,300,2014-01-28 01:56:00
6:56 PM,12.8,8.3,74,1021.2,16.1,WNW,11.1,-,N/A,,Mostly Cloudy,300,2014-01-28 02:56:00
7:56 PM,12.8,8.3,74,1021.5,16.1,WNW,9.3,-,N/A,,Mostly Cloudy,290,2014-01-28 03:56:00
8:56 PM,12.8,8.3,74,1022.0,16.1,NNW,14.8,-,N/A,,Mostly Cloudy,330,2014-01-28 04:56:00
9:56 PM,12.8,8.9,77,1022.5,16.1,NW,11.1,-,N/A,,Mostly Cloudy,310,2014-01-28 05:56:00
10:56 PM,12.2,8.3,77,1022.6,16.1,Calm,Calm,-,N/A,,Mostly Cloudy,0,2014-01-28 06:56:00
11:56 PM,12.2,8.9,80,1022.8,16.1,NW,7.4,-,N/A,,Mostly Cloudy,320,2014-01-28 07:56:00
12:56 AM,12.2,8.9,80,1022.6,16.1,West,7.4,-,N/A,,Mostly Cloudy,280,2014-01-28 08:56:00
1:56 AM,12.2,9.4,83,1023.0,16.1,WNW,5.6,-,N/A,,Mostly Cloudy,300,2014-01-28 09:56:00
2:56 AM,11.7,8.3,80,1023.0,16.1,South,5.6,-,N/A,,Mostly Cloudy,170,2014-01-28 10:56:00
3:56 AM,12.2,8.3,77,1022.9,16.1,South,5.6,-,N/A,,Overcast,180,2014-01-28 11:56:00
4:56 AM,12.2,8.9,80,1022.8,16.1,SE,5.6,-,N/A,,Overcast,140,2014-01-28 12:56:00
5:56 AM,12.8,8.9,77,1023.2,16.1,SSE,5.6,-,N/A,,Mostly Cloudy,150,2014-01-28 13:56:00
6:56 AM,12.8,8.3,74,1023.6,16.1,Calm,Calm,-,N/A,,Mostly Cloudy,0,2014-01-28 14:56:00
7:56 AM,12.8,8.9,77,1023.7,16.1,ESE,5.6,-,N/A,,Overcast,120,2014-01-28 15:56:00
8:56 AM,13.3,10.0,80,1024.2,16.1,Calm,Calm,-,N/A,,Overcast,0,2014-01-28 16:56:00
9:30 AM,14.0,10.0,77,1024.3,16.1,NE,5.6,-,N/A,,Overcast,40,2014-01-28 17:30:00
9:56 AM,13.3,10.0,80,1024.6,14.5,NE,7.4,-,N/A,,Overcast,50,2014-01-28 17:56:00
10:56 AM,13.3,10.0,80,1025.1,12.9,East,9.3,-,N/A,,Overcast,80,2014-01-28 18:56:00
11:56 AM,14.4,11.1,81,1023.9,14.5,East,7.4,-,N/A,,Mostly Cloudy,90,2014-01-28 19:56:00
12:56 PM,15.0,11.7,81,1023.2,14.5,ENE,9.3,-,N/A,,Overcast,60,2014-01-28 20:56:00
12:58 PM,-9999,-9999,N/A,1023.2,2.8,ENE,9.3,-,N/A,,Mist,60,2014-01-28 20:58:00
1:06 PM,15.0,12.0,82,1022.9,14.5,ENE,9.3,-,N/A,,Overcast,70,2014-01-28 21:06:00
1:56 PM,15.0,11.7,81,1022.8,14.5,Calm,Calm,-,N/A,,Overcast,0,2014-01-28 21:56:00
2:56 PM,18.5,13.9,75,1022.6,16.1,West,25.9,-,N/A,,Mostly Cloudy,270,2014-01-28 22:56:00
3:56 PM,16.7,13.3,80,1022.8,16.1,West,18.5,-,N/A,,Mostly Cloudy,280,2014-01-28 23:56:00
4:56 PM,17.2,13.9,81,1022.8,16.1,West,14.8,-,N/A,,Mostly Cloudy,270,2014-01-29 00:56:00
5:56 PM,16.0,13.9,87,1022.7,16.1,West,13.0,-,N/A,,Mostly Cloudy,280,2014-01-29 01:56:00
6:24 PM,16.0,14.0,88,1022.9,16.1,West,16.7,-,N/A,,Mostly Cloudy,260,2014-01-29 02:24:00
6:56 PM,16.2,13.9,86,1023.1,16.1,WNW,11.1,-,N/A,,Overcast,290,2014-01-29 02:56:00
7:28 PM,16.0,14.0,88,1023.2,16.1,WNW,9.3,-,N/A,,Overcast,290,2014-01-29 03:28:00
7:56 PM,15.9,13.9,88,1023.5,16.1,WNW,9.3,-,N/A,,Overcast,300,2014-01-29 03:56:00
8:56 PM,15.7,13.3,86,1023.3,16.1,WNW,9.3,-,N/A,,Overcast,290,2014-01-29 04:56:00
9:56 PM,15.7,13.3,86,1023.3,16.1,West,13.0,-,N/A,,Overcast,270,2014-01-29 05:56:00
10:56 PM,15.7,13.3,86,1023.4,16.1,WNW,13.0,-,N/A,,Overcast,290,2014-01-29 06:56:00
11:56 PM,15.7,13.3,86,1023.2,16.1,WNW,7.4,-,N/A,,Overcast,290,2014-01-29 07:56:00
12:56 AM,14.7,13.3,91,1022.6,16.1,WNW,9.3,-,N/A,,Overcast,300,2014-01-29 08:56:00
1:56 AM,14.4,13.3,93,1022.3,16.1,NW,7.4,-,N/A,,Overcast,310,2014-01-29 09:56:00
2:56 AM,14.6,13.3,92,1022.5,16.1,NW,9.3,-,N/A,,Overcast,310,2014-01-29 10:56:00
3:56 AM,15.8,13.3,85,1022.1,16.1,WNW,5.6,-,N/A,,Overcast,290,2014-01-29 11:56:00
4:56 AM,15.0,13.3,90,1022.2,16.1,WNW,5.6,-,N/A,,Overcast,300,2014-01-29 12:56:00
5:56 AM,14.8,13.3,91,1022.0,16.1,NW,7.4,-,N/A,,Overcast,320,2014-01-29 13:56:00
6:56 AM,15.0,12.8,87,1021.5,14.5,Calm,Calm,-,N/A,,Overcast,0,2014-01-29 14:56:00
7:56 AM,14.4,13.3,93,1021.7,14.5,Calm,Calm,-,N/A,,Overcast,0,2014-01-29 15:56:00
8:56 AM,14.4,12.8,90,1022.3,14.5,NNW,7.4,-,N/A,,Overcast,340,2014-01-29 16:56:00
9:56 AM,14.4,13.3,93,1022.1,12.9,ENE,9.3,-,N/A,,Overcast,60,2014-01-29 17:56:00
10:56 AM,14.4,12.8,90,1022.1,12.9,ENE,7.4,-,N/A,,Overcast,70,2014-01-29 18:56:00
11:56 AM,14.4,12.8,90,1021.5,12.9,West,16.7,-,N/A,,Overcast,260,2014-01-29 19:56:00
12:56 PM,16.7,13.3,80,1020.0,14.5,SW,16.7,-,N/A,,Overcast,230,2014-01-29 20:56:00
1:56 PM,17.2,13.9,81,1019.2,14.5,WNW,13.0,-,N/A,,Overcast,290,2014-01-29 21:56:00
2:56 PM,15.6,13.3,86,1018.8,16.1,WSW,13.0,-,N/A,,Overcast,240,2014-01-29 22:56:00
3:56 PM,15.0,12.8,87,1018.2,16.1,WSW,24.1,-,N/A,,Overcast,250,2014-01-29 23:56:00
4:56 PM,13.3,11.1,87,1017.9,16.1,West,18.5,-,N/A,,Overcast,270,2014-01-30 00:56:00
5:19 PM,13.0,11.0,88,1017.8,16.1,West,18.5,-,N/A,,Mostly Cloudy,260,2014-01-30 01:19:00
5:37 PM,13.0,11.0,88,1017.5,16.1,WNW,13.0,-,N/A,,Mostly Cloudy,290,2014-01-30 01:37:00
5:56 PM,13.3,10.6,84,1017.3,16.1,WSW,16.7,-,N/A,,Mostly Cloudy,240,2014-01-30 01:56:00
6:56 PM,12.8,10.6,86,1016.9,16.1,West,7.4,-,N/A,,Mostly Cloudy,270,2014-01-30 02:56:00
7:56 PM,12.8,10.6,86,1017.0,16.1,West,20.4,-,N/A,,Overcast,270,2014-01-30 03:56:00
8:56 PM,12.8,10.6,86,1016.4,16.1,West,22.2,-,N/A,,Mostly Cloudy,270,2014-01-30 04:56:00
9:56 PM,12.2,10.0,86,1016.4,16.1,West,20.4,-,N/A,,Overcast,270,2014-01-30 05:56:00
10:56 PM,12.2,10.6,90,1016.1,16.1,West,24.1,-,0.00,Rain,Light Rain,280,2014-01-30 06:56:00
11:56 PM,12.2,10.6,90,1015.8,16.1,West,18.5,-,0.00,,Overcast,280,2014-01-30 07:56:00
12:56 AM,12.2,10.6,90,1015.0,16.1,West,14.8,-,0.00,Rain,Light Rain,270,2014-01-30 08:56:00
1:56 AM,11.7,10.6,93,1014.0,16.1,West,14.8,-,0.00,Rain,Light Rain,270,2014-01-30 09:56:00
2:56 AM,11.7,10.0,89,1013.3,16.1,WNW,9.3,-,0.00,,Overcast,290,2014-01-30 10:56:00
3:56 AM,11.7,10.6,93,1013.3,16.1,WNW,13.0,-,N/A,,Overcast,290,2014-01-30 11:56:00
4:56 AM,11.7,10.0,89,1013.0,16.1,Calm,Calm,-,N/A,,Overcast,0,2014-01-30 12:56:00
5:56 AM,11.7,10.0,89,1012.7,16.1,Calm,Calm,-,N/A,,Overcast,0,2014-01-30 13:56:00
6:56 AM,11.7,10.0,89,1012.9,16.1,West,18.5,-,0.00,Rain,Light Rain,270,2014-01-30 14:56:00
7:56 AM,11.7,10.0,89,1012.8,16.1,West,18.5,-,0.00,,Mostly Cloudy,260,2014-01-30 15:56:00
8:56 AM,11.7,9.4,86,1013.0,14.5,West,20.4,-,N/A,,Mostly Cloudy,280,2014-01-30 16:56:00
9:18 AM,13.0,10.0,82,1012.8,14.5,West,24.1,-,N/A,,Mostly Cloudy,280,2014-01-30 17:18:00
9:56 AM,13.3,10.0,80,1013.0,14.5,West,27.8,-,N/A,,Mostly Cloudy,280,2014-01-30 17:56:00
10:56 AM,12.8,9.4,80,1013.7,14.5,West,25.9,-,N/A,,Overcast,280,2014-01-30 18:56:00
11:56 AM,12.8,8.9,77,1013.5,16.1,West,31.5,-,N/A,,Mostly Cloudy,270,2014-01-30 19:56:00
12:56 PM,14.4,8.3,67,1012.4,16.1,West,38.9,44.4,N/A,,Partly Cloudy,280,2014-01-30 20:56:00
1:56 PM,14.4,7.8,65,1011.7,16.1,WSW,25.9,-,N/A,,Partly Cloudy,250,2014-01-30 21:56:00
2:56 PM,13.3,7.8,69,1011.9,16.1,West,33.3,40.7,N/A,,Scattered Clouds,260,2014-01-30 22:56:00
3:56 PM,13.3,7.8,69,1011.7,16.1,West,25.9,38.9,N/A,,Scattered Clouds,260,2014-01-30 23:56:00
4:56 PM,12.2,7.8,75,1011.6,16.1,WSW,24.1,-,N/A,,Scattered Clouds,250,2014-01-31 00:56:00
5:56 PM,12.2,7.8,75,1011.9,16.1,WSW,22.2,37.0,N/A,,Mostly Cloudy,250,2014-01-31 01:56:00
6:56 PM,11.7,7.8,77,1011.9,16.1,West,20.4,37.0,N/A,,Mostly Cloudy,260,2014-01-31 02:56:00
7:25 PM,12.0,8.0,77,1012.1,16.1,WSW,18.5,-,N/A,,Mostly Cloudy,240,2014-01-31 03:25:00
7:56 PM,11.7,7.8,77,1012.4,16.1,WSW,22.2,37.0,N/A,,Mostly Cloudy,250,2014-01-31 03:56:00
8:56 PM,11.7,7.8,77,1012.8,16.1,WSW,22.2,37.0,N/A,,Overcast,250,2014-01-31 04:56:00
9:56 PM,11.7,7.8,77,1013.0,16.1,West,37.0,53.7,N/A,,Overcast,270,2014-01-31 05:56:00
10:56 PM,11.7,7.8,77,1013.3,16.1,West,31.5,-,0.00,,Overcast,270,2014-01-31 06:56:00
11:56 PM,11.7,7.8,77,1013.2,16.1,West,24.1,-,N/A,,Overcast,270,2014-01-31 07:56:00
12:56 AM,11.7,6.7,71,1013.2,16.1,West,16.7,-,N/A,,Overcast,280,2014-01-31 08:56:00
1:56 AM,11.1,7.8,80,1013.6,16.1,WNW,18.5,-,N/A,,Mostly Cloudy,290,2014-01-31 09:56:00
2:56 AM,10.6,7.8,83,1013.8,16.1,West,13.0,-,N/A,,Partly Cloudy,270,2014-01-31 10:56:00
3:56 AM,9.4,7.2,86,1014.3,16.1,West,11.1,-,N/A,,Scattered Clouds,260,2014-01-31 11:56:00
4:56 AM,9.4,7.2,86,1014.7,16.1,NW,9.3,-,N/A,,Clear,320,2014-01-31 12:56:00
5:56 AM,8.3,5.6,83,1015.5,16.1,West,9.3,-,N/A,,Clear,270,2014-01-31 13:56:00
6:56 AM,8.9,5.6,80,1016.0,16.1,West,7.4,-,N/A,,Partly Cloudy,280,2014-01-31 14:56:00
7:56 AM,8.9,6.7,86,1016.8,14.5,West,7.4,-,N/A,,Partly Cloudy,270,2014-01-31 15:56:00
8:56 AM,11.7,7.2,74,1017.5,16.1,West,7.4,-,N/A,,Partly Cloudy,280,2014-01-31 16:56:00
9:56 AM,12.2,7.2,72,1018.4,16.1,North,7.4,-,N/A,,Partly Cloudy,360,2014-01-31 17:56:00
10:56 AM,12.8,7.2,69,1018.9,16.1,NE,7.4,-,N/A,,Partly Cloudy,40,2014-01-31 18:56:00
11:56 AM,12.8,7.2,69,1018.5,16.1,NNE,7.4,-,N/A,,Partly Cloudy,30,2014-01-31 19:56:00
12:56 PM,15.6,2.2,41,1018.0,16.1,West,16.7,-,N/A,,Partly Cloudy,260,2014-01-31 20:56:00
1:56 PM,15.6,3.3,44,1017.8,16.1,WNW,20.4,-,N/A,,Partly Cloudy,290,2014-01-31 21:56:00
2:56 PM,15.0,4.4,49,1017.6,16.1,West,35.2,-,N/A,,Partly Cloudy,270,2014-01-31 22:56:00
3:56 PM,14.4,3.9,49,1017.6,16.1,West,40.7,-,N/A,,Partly Cloudy,280,2014-01-31 23:56:00
4:56 PM,13.3,4.4,55,1017.4,16.1,West,38.9,53.7,N/A,,Partly Cloudy,280,2014-02-01 00:56:00
5:56 PM,11.7,5.6,66,1017.6,16.1,West,44.4,55.6,N/A,,Partly Cloudy,280,2014-02-01 01:56:00
6:56 PM,11.1,5.6,69,1017.7,16.1,West,44.4,55.6,N/A,,Partly Cloudy,270,2014-02-01 02:56:00
7:56 PM,11.1,5.6,69,1018.3,16.1,West,27.8,42.6,N/A,,Clear,280,2014-02-01 03:56:00
8:56 PM,10.6,5.0,68,1018.7,16.1,West,27.8,-,N/A,,Clear,270,2014-02-01 04:56:00
9:56 PM,10.6,5.0,68,1018.9,16.1,West,24.1,-,N/A,,Clear,280,2014-02-01 05:56:00
10:56 PM,10.6,5.0,68,1018.8,16.1,West,18.5,-,N/A,,Clear,280,2014-02-01 06:56:00
11:56 PM,10.0,5.0,71,1019.0,16.1,West,18.5,-,N/A,,Clear,270,2014-02-01 07:56:00
12:56 AM,9.4,4.4,71,1019.0,16.1,West,16.7,-,N/A,,Clear,280,2014-02-01 08:56:00
1:56 AM,9.4,3.9,69,1019.1,16.1,WNW,11.1,-,N/A,,Clear,290,2014-02-01 09:56:00
2:56 AM,9.4,4.4,71,1019.3,16.1,WNW,5.6,-,N/A,,Clear,300,2014-02-01 10:56:00
3:56 AM,7.8,3.3,73,1019.5,16.1,West,5.6,-,N/A,,Clear,260,2014-02-01 11:56:00
4:56 AM,6.7,2.8,76,1020.0,16.1,WNW,7.4,-,N/A,,Clear,290,2014-02-01 12:56:00
5:56 AM,6.1,2.2,76,1020.3,16.1,Calm,Calm,-,N/A,,Clear,0,2014-02-01 13:56:00
6:56 AM,6.1,2.8,80,1020.6,16.1,South,5.6,-,N/A,,Clear,190,2014-02-01 14:56:00
7:56 AM,6.7,2.8,76,1021.3,16.1,West,5.6,-,N/A,,Clear,270,2014-02-01 15:56:00
8:56 AM,10.0,4.4,68,1021.4,16.1,Calm,Calm,-,N/A,,Clear,0,2014-02-01 16:56:00
9:56 AM,10.6,5.0,68,1021.7,16.1,Calm,Calm,-,N/A,,Clear,0,2014-02-01 17:56:00
10:56 AM,11.7,6.1,69,1021.7,16.1,ENE,5.6,-,N/A,,Clear,60,2014-02-01 18:56:00
11:56 AM,12.2,6.1,66,1021.0,16.1,ENE,7.4,-,N/A,,Clear,60,2014-02-01 19:56:00
12:56 PM,13.3,3.3,51,1019.9,16.1,ENE,9.3,-,N/A,,Partly Cloudy,70,2014-02-01 20:56:00
1:56 PM,14.4,2.2,44,1019.7,16.1,NE,9.3,-,N/A,,Partly Cloudy,40,2014-02-01 21:56:00
2:56 PM,14.4,2.8,46,1019.6,16.1,West,22.2,-,N/A,,Partly Cloudy,280,2014-02-01 22:56:00
3:56 PM,13.9,3.3,49,1019.7,16.1,West,25.9,-,N/A,,Partly Cloudy,280,2014-02-01 23:56:00
4:56 PM,12.2,4.4,59,1019.9,16.1,West,29.6,-,N/A,,Partly Cloudy,270,2014-02-02 00:56:00
5:56 PM,11.1,5.0,66,1019.7,16.1,West,24.1,-,N/A,,Partly Cloudy,270,2014-02-02 01:56:00
6:56 PM,10.6,5.6,71,1019.3,16.1,West,14.8,-,N/A,,Partly Cloudy,260,2014-02-02 02:56:00
7:56 PM,10.6,5.6,71,1019.1,16.1,WNW,11.1,-,N/A,,Partly Cloudy,290,2014-02-02 03:56:00
8:56 PM,9.4,5.0,74,1019.2,16.1,SSE,7.4,-,N/A,,Partly Cloudy,160,2014-02-02 04:56:00
9:56 PM,8.9,4.4,74,1019.2,16.1,SSW,7.4,-,N/A,,Mostly Cloudy,200,2014-02-02 05:56:00
10:56 PM,9.4,5.0,74,1019.3,16.1,Calm,Calm,-,N/A,,Mostly Cloudy,0,2014-02-02 06:56:00
11:56 PM,8.9,5.6,80,1018.4,16.1,South,7.4,-,N/A,,Scattered Clouds,170,2014-02-02 07:56:00
